-- phpMyAdmin SQL Dump
-- version 5.2.1
-- https://www.phpmyadmin.net/
--
-- Hôte : 127.0.0.1
-- Généré le : dim. 17 sep. 2023 à 22:07
-- Version du serveur : 10.4.28-MariaDB
-- Version de PHP : 8.2.4

SET SQL_MODE = "NO_AUTO_VALUE_ON_ZERO";
START TRANSACTION;
SET time_zone = "+00:00";


/*!40101 SET @OLD_CHARACTER_SET_CLIENT=@@CHARACTER_SET_CLIENT */;
/*!40101 SET @OLD_CHARACTER_SET_RESULTS=@@CHARACTER_SET_RESULTS */;
/*!40101 SET @OLD_COLLATION_CONNECTION=@@COLLATION_CONNECTION */;
/*!40101 SET NAMES utf8mb4 */;

--
-- Base de données : `expedition-med`
--

-- --------------------------------------------------------

--
-- Structure de la table `prelevements`
--

CREATE TABLE `prelevements` (
  `id` int(11) NOT NULL,
  `Sample` varchar(20) DEFAULT NULL,
  `Campagne` int(11) DEFAULT NULL,
  `Sea` int(11) DEFAULT NULL,
  `Manta` varchar(20) DEFAULT NULL,
  `Date` date DEFAULT NULL,
  `Trafic` decimal(5,2) DEFAULT NULL,
  `cote_la_plus_proche` decimal(6,2) DEFAULT NULL,
  `courant` decimal(4,2) DEFAULT NULL,
  `Start_Time_UTC` time DEFAULT NULL,
  `End_Time_UTC` time DEFAULT NULL,
  `Start_Latitude` varchar(12) DEFAULT NULL,
  `Start_Longitude` varchar(12) DEFAULT NULL,
  `Mid_Latitude` varchar(12) DEFAULT NULL,
  `Mid_Longitude` varchar(12) DEFAULT NULL,
  `End_Latitude` varchar(12) DEFAULT NULL,
  `End_Longitude` varchar(12) DEFAULT NULL,
  `Boat_Speed_kt` decimal(3,1) DEFAULT NULL,
  `Wind_Force_B` int(11) DEFAULT NULL,
  `Wind_Speed_kt` int(11) DEFAULT NULL,
  `Wind_Direction_deg` int(11) DEFAULT NULL,
  `Sea_State_B` int(11) DEFAULT NULL,
  `Temperature_C` decimal(6,3) DEFAULT NULL,
  `pH` decimal(5,2) DEFAULT NULL,
  `Oxygene_Dissous_mg_L` decimal(5,2) DEFAULT NULL,
  `Salinite_SAL_PSU` decimal(5,2) DEFAULT NULL,
  `Start_Flowmeter` int(11) DEFAULT NULL,
  `End_Flowmeter` int(11) DEFAULT NULL,
  `Volume_Filtered_m3` decimal(7,2) DEFAULT NULL,
  `Filtered_Distance` decimal(7,2) DEFAULT NULL,
  `Volume_m3` decimal(7,2) DEFAULT NULL,
  `km2` decimal(9,9) DEFAULT NULL,
  `Commentaires` text DEFAULT NULL,
  `Nombre_Particules_gt_1_mm` int(11) DEFAULT NULL,
  `Concentration_nb_km2` decimal(10,2) DEFAULT NULL,
  `Concentration_nb_m3` decimal(5,2) DEFAULT NULL
) ENGINE=InnoDB DEFAULT CHARSET=utf8mb4 COLLATE=utf8mb4_general_ci;

--
-- Déchargement des données de la table `prelevements`
--

INSERT INTO `prelevements` (`id`, `Sample`, `Campagne`, `Sea`, `Manta`, `Date`, `Trafic`, `cote_la_plus_proche`, `courant`, `Start_Time_UTC`, `End_Time_UTC`, `Start_Latitude`, `Start_Longitude`, `Mid_Latitude`, `Mid_Longitude`, `End_Latitude`, `End_Longitude`, `Boat_Speed_kt`, `Wind_Force_B`, `Wind_Speed_kt`, `Wind_Direction_deg`, `Sea_State_B`, `Temperature_C`, `pH`, `Oxygene_Dissous_mg_L`, `Salinite_SAL_PSU`, `Start_Flowmeter`, `End_Flowmeter`, `Volume_Filtered_m3`, `Filtered_Distance`, `Volume_m3`, `km2`, `Commentaires`, `Nombre_Particules_gt_1_mm`, `Concentration_nb_km2`, `Concentration_nb_m3`) VALUES
(1, 'EM22-01 ', NULL, 1, 'EM22-01 ', '2022-07-11', NULL, NULL, NULL, '17:22:00', '01:00:00', '42°07.843 N', '11°37.247 E', '42°08.214 N', '11°36.646 E', '42°08.570 N', '11°36.054 E', 2.2, 3, 12, 255, 3, 24.300, NULL, NULL, NULL, 53827, 61885, 290.09, 2037.00, 1222.00, 0.000814065, NULL, 0, 0.00, 0.00),
(2, 'EM22-02 ', NULL, 1, 'EM22-02 ', '2022-07-12', NULL, NULL, NULL, '10:29:00', '01:00:00', '42°21,375 N', '11°09,419 E', '42°21,675 N', '11°08,459 E', '42°22,011 N', '11°07,582 E', 2.9, 1, 4, 110, 1, 24.600, NULL, NULL, NULL, 62345, 71801, 340.42, 2685.00, 1611.00, 0.001073086, 'Canal entre Ile Giglio et Santa Liberata, pas mal de traffic, côtier < 1 mile', 0, 0.00, 0.00),
(3, 'EM22-03 ', NULL, 1, 'EM22-03 ', '2022-07-12', NULL, NULL, NULL, '16:57:00', '01:00:00', '42°36,285 N', '10°51,829 E', '42°36,834 N', '10°50,918 E', '42°37,147 N', '10°50,335 E', 2.7, 3, 8, 200, 3, 25.700, NULL, NULL, NULL, 72611, 81778, 330.01, 2500.00, 1500.00, 0.000999080, NULL, 0, 0.00, 0.00),
(4, 'EM22-04 ', NULL, 1, 'EM22-04 ', '2022-07-13', NULL, NULL, NULL, '11:45:00', '01:00:00', '42°46,665 N', '10°26,283 E', '42°47,287 N', '10°26,856 E', '42°48,070 N', '10°27,219 E', 2.9, 2, 4, 120, 2, 26.000, NULL, NULL, NULL, 91897, 101445, 343.73, 2685.00, 1611.00, 0.001073086, ' SE Ile d\'Elbe < 1miles côte + traffic maritime ', 0, 0.00, 0.00),
(5, 'EM22-05 ', NULL, 4, 'EM22-05 ', '2022-07-13', NULL, NULL, NULL, '17:50:00', '01:00:00', '42°48,271 N', '10°21,135 E', '42°48,292 N', '10°20,385 E', '42°48,402 N', '10°19,641 E', 2.1, 1, 4, NULL, 2, 27.800, NULL, NULL, NULL, 1547, 7513, 214.78, 1945.00, 1167.00, 0.000777062, 'Traffic maritime, zone portuaire', 0, 0.00, 0.00),
(6, 'EM22-06', NULL, 4, 'EM22-06', '2022-07-13', NULL, NULL, NULL, '23:23:00', '01:00:00', '42°50,916 N', '10°13,384 E', '42°050,426 N', '10°13,580 E', '42°49,903 N', '10°13,823 E', 2.2, NULL, NULL, NULL, 2, 26.700, NULL, NULL, NULL, 8008, 15165, 257.65, 2037.00, 1222.00, 0.000814065, 'Proximité porto ferraio, transport maritime important', 0, 0.00, 0.00),
(7, 'EM22-07 ', NULL, 1, 'EM22-07 ', '2022-07-14', NULL, NULL, NULL, '16:00:00', '01:00:00', '42°46,246 N ', '10°03,417 E', '42°46,125 N', '10°02,660 E', '42°46,012 N', '10°01,915 E', 2.3, 2, 5, 230, 2, 29.300, NULL, NULL, NULL, 15579, 21722, 221.15, 2130.00, 1278.00, 0.000851068, NULL, 0, 0.00, 0.00),
(8, 'EM22-08', NULL, 4, 'EM22-08', '2022-07-16', NULL, NULL, NULL, '18:15:00', '01:00:00', '42°53,890 N', '09°28,945 E', '42°54,499 N', '09°28,856 E', '42°55,097 N', '09°28,732 E', 2.4, 2, 5, 150, 2, 27.500, NULL, NULL, NULL, 23118, 30060, 249.91, 2222.00, 1333.00, 0.000888071, 'Longer côtes cap corse', 0, 0.00, 0.00),
(9, 'EM22-09', NULL, 4, 'EM22-09', '2022-07-17', NULL, NULL, NULL, '11:09:00', '01:00:00', '42°59,552 N', '09°28,147 E', '42°59,067 N', '09°28,870 E', '42°58,729 N', '09°29,490 E', 2.5, 3, 10, 100, 3, 26.700, NULL, NULL, NULL, 30749, 39601, 318.67, 2315.00, 1389.00, 0.000925074, 'Prélèvement face au vent, à contre courant (0,8 nœuds de courant), en remontant vers Macinaggio', 0, 0.00, 0.00),
(10, 'EM22-10', NULL, 4, 'EM22-10', '2022-07-17', NULL, NULL, NULL, '16:40:00', '01:00:00', '42°59,236 N', '09°20,050 E', '42°59,654 N', '09°19,766 E', '42°58,105 N', '09°19,506 E', 2.7, 2, 10, 100, 2, 28.200, NULL, NULL, NULL, 40445, 49235, 316.44, 2500.00, 1500.00, 0.000999080, 'Proche village Centuri, côte sauvage et escarpée, quelques bateaux de plaisance, distance côte = 1 mile', 0, 0.00, 0.00),
(11, 'EM22-11', NULL, 4, 'EM22-11', '2022-07-18', NULL, NULL, NULL, '12:37:00', '01:00:00', '42°48,632 N', '09°18,600 E', '42°47,986 N', '09°18,789 E', '42°47,302 N', '09°18,934 E', 2.7, 1, 2, 315, 1, 28.900, NULL, NULL, NULL, 49533, 57686, 293.51, 2500.00, 1500.00, 0.000999080, 'Côte sauvage et escarpée, quelques habitations éparses, calme plat, entrée Est du golfe de saint Florent', 0, 0.00, 0.00),
(12, 'EM22-12', NULL, 4, 'EM22-12', '2022-07-18', NULL, NULL, NULL, '17:25:00', '01:00:00', '42°43,228 N', '09°15,627 E', '42°42,702 N', '09°16,028 E', '42°42,137 N', '09°16,484 E', 2.8, 2, 5, 150, 2, 28.700, NULL, NULL, NULL, 59461, 68806, 336.42, 2593.00, 1556.00, 0.001036083, 'Entrée ouest du golf de saint Florent, traffic maritime important, zone urbanisée, vent et courant de face ', 0, 0.00, 0.00),
(13, 'EM22-13', NULL, 4, 'EM22-13', '2022-07-19', NULL, NULL, NULL, '11:32:00', '01:00:00', '42°41,839 N', '09°03,257 E', '42°41,507 N', '09°02,418 E', '42°41,179 N', '09°01,591 E', 2.7, 2, 5, 320, 2, 27.900, NULL, NULL, NULL, 73573, 83037, 340.70, 2500.00, 1500.00, 0.000999080, 'Anse de Peraiola, direction île Rousse, pas de traffic, 1 mille nautique de la côte ', 0, 0.00, 0.00),
(14, 'EM22-15', NULL, 4, 'EM22-15', '2022-07-20', NULL, NULL, NULL, '13:15:00', '01:00:00', '43°26,770 N', '07°40,909 E', '43°26,958 N', '07°39,883 E', '43°27,133 N', '07°38,816 E', 3.0, 1, 2, 70, 1, 28.600, NULL, NULL, NULL, 92890, 102688, 352.73, 2778.00, 1667.00, 0.001110089, 'Mer calme, très peu de vent, pas de terre en vue, côte la plus proche à 17 miles nautiques', 0, 0.00, 0.00),
(15, 'EM22-16', NULL, 4, 'EM22-16', '2022-07-20', NULL, NULL, NULL, '19:34:00', '01:00:00', '43°30,538 N', '07°06,973 E', '43°30,665 N', '07°05,819 E', '43°30,694 N', '07°05,178 E', 2.7, 1, 8, 240, 1, 28.100, NULL, NULL, NULL, 4172, 13372, 331.20, 2500.00, 1500.00, 0.000999080, 'Distance 1 mile des îles de Lerens, 2 miles du continent, ebaucoup de bateaux de plaisance, Devant le golfe Juan, très urbanisé', 0, 0.00, 0.00),
(16, 'EM22-17', NULL, 4, 'EM22-17', '2022-07-21', NULL, NULL, NULL, '11:52:00', '01:00:00', '43°31,706 N', '07°02,064 E', '43°31,929 N', '07°03,043 E', '43°32,055 N', '07°03,934 E', 2.6, 2, 8, 30, 2, 28.400, NULL, NULL, NULL, 18105, 27948, 354.35, 2408.00, 1445.00, 0.000962077, 'Trafic intense de bateaux, baie de Cannes, beaucoup de houle bateaux', 0, 0.00, 0.00),
(17, 'EM22-18', NULL, 4, 'EM22-18', '2022-07-24', NULL, NULL, NULL, '10:29:00', '01:00:00', '43°31,844 N', '07°005,456 E', '43°31,819 N', '07°004,291 E', '43°31,897 N', '07°003,224 E', 3.1, 2, 8, 101, 2, 28.200, NULL, NULL, NULL, 30369, 40286, 357.01, 2871.00, 1722.00, 0.001147092, 'beaucoup de trafic maritime près des côtes (Cannes), Mer agitée depuis 2 jours, surface brassée, vitesse de 4,1 pendant 2 premières minutes', 0, 0.00, 0.00),
(18, 'EM22-19', NULL, 4, 'EM22-19', '2022-07-24', NULL, NULL, NULL, '15:43:00', '01:00:00', '43°30,507 N', '07°04,446 E', '43°30,985 N', '07°05,127 E', '43°31,448 N', '07°05,814 E', 2.6, 1, 5, 80, 2, 28.500, NULL, NULL, NULL, 44067, 53334, 333.61, 2408.00, 1445.00, 0.000962077, 'Ile de Lerens, cap d\'antibe, quelques bateaux, proche de la côte', 0, 0.00, 0.00),
(19, 'EM22-20', NULL, 4, 'EM22-20', '2022-07-25', NULL, NULL, NULL, '10:34:00', '01:00:00', '43°30,711 N', '07°55,513 E', '43°30,428 N', '07°56,414 E', '43°30,129 N', '07°57,357 E', 2.4, 2, 8, 240, 2, 28.300, NULL, NULL, NULL, 56093, 65466, 337.43, 2222.00, 1333.00, 0.000888071, '15aine de mile des côtes françaises, très peu de traffic', 0, 0.00, 0.00),
(20, 'EM22-21', NULL, 4, 'EM22-21', '2022-07-25', NULL, NULL, NULL, '16:03:00', '01:00:00', '43°16,136 N', '08°34,973 E', '43°15,775 N', '08°35,795 E', '43°15,401 N', '08°36,661 E', 2.8, 3, 8, 240, 3, 28.100, NULL, NULL, NULL, 66139, 74254, 292.14, 2593.00, 1556.00, 0.001036083, 'Peu de trafic ( 1 ferry 2 voilier), Traversée entre Nice et Nord de la Corse', 0, 0.00, 0.00),
(21, 'EM22-22', NULL, 4, 'EM22-22', '2022-07-26', NULL, NULL, NULL, '10:42:00', '01:00:00', '42°58,026 N', '09°27,948 E', '42°57,455 N', '09°28,', '42°56,908 N', '09°28,162 E', 2.4, 3, 14, 160, 3, 28.100, NULL, NULL, NULL, 75233, 84013, 316.08, 2222.00, 1333.00, 0.000888071, 'Trafic léger, proche vilage Macinaggio, un peu de vent, vent la veille et port < 1 mile', 0, 0.00, 0.00),
(22, 'EM22-23', NULL, 4, 'EM22-23', '2022-07-26', NULL, NULL, NULL, '17:29:00', '01:00:00', '42°43,221 N', '09°30,476 E', '42°42,567 N', '09°30,030 E', '42°49,903 N', '09°30,793 E', 2.9, 1, 5, 150, 1, 29.000, NULL, NULL, NULL, 84939, 94377, 339.77, 2685.00, 1611.00, 0.001073086, 'Face à Bastia, très peu de trafic', 0, 0.00, 0.00),
(23, 'EM22-24', NULL, 1, 'EM22-24', '2022-07-27', NULL, NULL, NULL, '10:50:00', '01:00:00', '41°46,642 N', '09°26,249 E', '41°46,031 N', '09°25°846 E', '41°45,438 N', '09°25,440 E', 2.6, 3, 8, 180, 3, 29.000, NULL, NULL, NULL, 95343, 103762, 303.08, 2408.00, 1445.00, 0.000962077, 'Près de la côte est Corse, l\'anse de farena, trafic près des côtes (voilier)', 0, 0.00, 0.00),
(24, 'EM22-25', NULL, 1, 'EM22-25', '2022-07-28', NULL, NULL, NULL, '09:48:00', '01:00:00', '41°37,131 N', '09°22,742 E', '41°37,007 N', '09°22,646 E', '41°36,393 N', '09°22,505 E', 2.5, 1, 5, 230, 2, 27.400, NULL, NULL, NULL, 4904, 8519, 130.14, 2315.00, 1389.00, 0.000925074, 'près de la côte, trafic intense, débitmètre bloqué par les algues', 0, 0.00, 0.00),
(25, 'EM22-26', NULL, 2, 'EM22-26', '2022-08-31', NULL, NULL, NULL, '12:04:00', '01:00:00', '41°18,569 N', '09°04,626 E', '41°17,887 N', '09°03,398 E', '41°17,228 N', '09°03,128 E', 2.4, 2, 7, 270, 2, 26.500, NULL, NULL, NULL, 9403, 17916, 306.47, 2222.00, 1333.00, 0.000888071, 'Absence de bateaux, très houleux, bouche du manta plus ou moins immergée', 0, 0.00, 0.00),
(26, 'EM22-27', NULL, 3, 'EM22-27', '2022-08-01', NULL, NULL, NULL, '10:26:00', '01:00:00', '40°54,424 N', '08°09,361 E', '40°53,713 N', '08°09,156 E', '40°52,959 N', '08°08,950 E', 3.0, 1, 5, 30, 1, 26.300, NULL, NULL, NULL, 19097, 28620, 342.83, 2778.00, 1667.00, 0.001110089, NULL, 0, 0.00, 0.00),
(27, 'EM22-28', NULL, 3, 'EM22-28', '2022-08-01', NULL, NULL, NULL, '15:08:00', '01:00:00', '40°31,947 N', '08°18,193 E', '40°31,129 N', '08°18,400 E', '40°30,293 N', '08°18,587 E', 3.3, 2, 10, 300, 2, 25.200, NULL, NULL, NULL, 30908, 41791, 391.79, 3056.00, 1833.00, 0.001221098, NULL, 0, 0.00, 0.00),
(28, 'EM22-29', NULL, 3, 'EM22-29', '2022-08-02', NULL, NULL, NULL, '11:37:00', '01:00:00', '40°17,161 N', '08°28,303 E', '40°17,079 N', '08°28,224 E', '40°16,471 N', '08°28,026 E', 2.7, 1, 4, 240, 1, 24.900, NULL, NULL, NULL, 42137, 51079, 321.91, 2500.00, 1500.00, 0.000999080, NULL, 0, 0.00, 0.00),
(29, 'EM22-30', NULL, 3, 'EM22-30', '2022-08-02', NULL, NULL, NULL, '12:33:00', '01:00:00', '40°15,234 N', '08°27,686 E', '40°14,588 N', '08°27,528 E', '40°13,962 N', '08°27,373 E', 2.5, 1, 2, 240, 1, 26.600, NULL, NULL, NULL, 27164, 35708, 307.58, 2315.00, 1389.00, 0.000925074, NULL, 0, 0.00, 0.00),
(30, 'EM22-31', NULL, 3, 'EM22-31', '2022-08-02', NULL, NULL, NULL, '17:54:00', '01:00:00', '39°44,414 N', '08°21,954 E', '39°43,692 N', '08°22,020 E', '39°42,983 N', '08°22,064 E', 2.9, 2, 6, 320, 2, 27.000, NULL, NULL, NULL, 51990, 60226, 296.50, 2685.00, 1611.00, 0.001073086, NULL, 0, 0.00, 0.00),
(31, 'EM22-32', NULL, 3, 'EM22-32', '2022-08-03', NULL, NULL, NULL, '10:09:00', '01:00:00', '39°24,807 N', '08°23,469 E', '39°24,186 N', '08°23,131 E', '39°23,516 N', '08°22,771 E', 2.8, 0, 0, 0, 0, 26.200, NULL, NULL, NULL, 61292, 70470, 330.41, 2593.00, 1556.00, 0.001036083, NULL, 0, 0.00, 0.00),
(32, 'EM22-33', NULL, 3, 'EM22-33', '2022-08-03', NULL, NULL, NULL, '17:52:00', '01:00:00', '38°57,602 N', '08°26,600 E', '38°58,079 N', '08°27,117 E', '38°58,373 N', '08°27,824 E', 3.0, 2, 5, 250, 1, 27.200, NULL, NULL, NULL, 71569, 80336, 315.61, 2778.00, 1667.00, 0.001110089, NULL, 0, 0.00, 0.00),
(33, 'EM22-34', NULL, 3, 'EM22-34', '2022-08-03', NULL, NULL, NULL, '18:33:00', '01:00:00', '38°58,631 N', '08°28,410 E', '38°58,933 N', '08°29,029 E', '38°59,275 N', '08°29,597 E', 2.7, 2, 5, 250, 1, 27.500, NULL, NULL, NULL, 36179, 43882, 277.31, 2500.00, 1500.00, 0.000999080, NULL, 0, 0.00, 0.00),
(34, 'EM22-35', NULL, 3, 'EM22-35', '2022-08-04', NULL, NULL, NULL, '15:44:00', '01:00:00', '38°52,059 N', '08°50,947 E', '38°52,365 N', '08°51,739 E', '38°52,620 N', '08°52,639 E', 2.9, 1, 6, 110, 1, 28.200, NULL, NULL, NULL, 82224, 90166, 285.91, 2685.00, 1611.00, 0.001073086, NULL, 0, 0.00, 0.00),
(35, 'EM22-36', NULL, 1, 'EM22-36', '2022-08-06', NULL, NULL, NULL, '14:45:00', '01:00:00', '39°12,135 N', '09°07,318 E', '39°11,925 N', '09°06,408 E', '39°11,830 N', '09°06,155 E', 2.5, 3, 15, 200, 2, 28.600, NULL, NULL, NULL, 92190, 98689, 233.96, 2315.00, 1389.00, 0.000925074, NULL, 0, 0.00, 0.00),
(36, 'EM22-37', NULL, 2, 'EM22-37', '2022-08-07', NULL, NULL, NULL, '11:50:00', '01:00:00', '39°06,020 N', '09°32,003 E', '39°06,512 N', '09°32,396 E', '39°07,091 N', '09°32,819 E', 2.2, 2, 8, 60, 2, 28.900, NULL, NULL, NULL, 49, 9032, 323.39, 2037.00, 1222.00, 0.000814065, NULL, 0, 0.00, 0.00),
(37, 'EM22-39', NULL, 1, 'EM22-39', '2022-08-07', NULL, NULL, NULL, '15:46:00', '01:00:00', '39°27,291 N', '09°39,216 E', '39°27,937 N', '09°39,241 E', '39°28,631 N', '09°39,255 E', 2.7, 1, 5, 90, 2, 28.900, NULL, NULL, NULL, 9752, 17092, 264.24, 2500.00, 1500.00, 0.000999080, NULL, 0, 0.00, 0.00),
(38, 'EM22-40', NULL, 1, 'EM22-40', '2022-08-08', NULL, NULL, NULL, '10:32:00', '01:00:00', '39°38,233 N', '09°39,935 E', '39°38,898 N', '09°39,678 E', '39°39,575 N', '09°39,451 E', 2.9, 2, 5, 0, 2, 28.800, NULL, NULL, NULL, 18540, 28138, 345.53, 2685.00, 1611.00, 0.001073086, NULL, 0, 0.00, 0.00),
(39, 'EM22-42', NULL, 1, 'EM22-42', '2022-08-08', NULL, NULL, NULL, '17:13:00', '01:00:00', '40°12,620 N', '09°39,879 E', '40°13,201 N', '09°39,442 E', '40°13,773 N', '09°39,056 E', 3.3, 2, 5, 0, 2, 29.400, NULL, NULL, NULL, 28943, 36790, 282.49, 3056.00, 1833.00, 0.001221098, NULL, 0, 0.00, 0.00),
(40, 'EM22-43', NULL, 1, 'EM22-43', '2022-08-09', NULL, NULL, NULL, '10:08:00', '01:00:00', '40°15,384 N', '09°38,512 E', '40°16,111 N', '09°39,290 E', '40°16,384 N', '09°39,575 E', 2.7, 2, 7, 30, 2, 28.800, NULL, NULL, NULL, 37700, 46423, 314.03, 2500.00, 1500.00, 0.000999080, NULL, 0, 0.00, 0.00),
(41, 'EM22-45', NULL, 2, 'EM22-45', '2022-08-10', NULL, NULL, NULL, '16:15:00', '01:00:00', '41°27,536 N', '09°16,600 E', '41°26,892 N', '09°16,212 E', '41°26,237 N', '09°15,877 E', 2.7, 2, 10, 90, 2, 28.500, NULL, NULL, NULL, 48760, 57774, 324.50, 2500.00, 1500.00, 0.000999080, NULL, 0, 0.00, 0.00),
(42, 'EM22-46', NULL, 2, 'EM22-46', '2022-08-10', NULL, NULL, NULL, '18:07:00', '01:00:00', '41°20,944 N', '09°14,655 E', '41°21,457 N', '09°13,886 E', '41°21,912 N', '09°13,142 E', 2.9, 1, 5, 50, 1, 28.200, NULL, NULL, NULL, 58438, 67565, 328.57, 2685.00, 1611.00, 0.001073086, NULL, 0, 0.00, 0.00),
(43, 'EM22-47', NULL, 2, 'EM22-47', '2022-08-11', NULL, NULL, NULL, '17:52:00', '01:00:00', '41°28,689\'N', '09°17,485 E', '41°29,298 N', '09°17,999 E', '41°29,951 N', '09°18,467 E', 3.0, 1, 3, 0, 1, 28.000, NULL, NULL, NULL, 77664, 86299, 310.86, 2778.00, 1667.00, 0.001110089, NULL, 0, 0.00, 0.00),
(44, 'EM22-48', NULL, 1, 'EM22-48', '2022-08-13', NULL, NULL, NULL, '16:50:00', '01:00:00', '41°36,693 N', '09°19,908 E', '41°36,659 N', '09°20,746 E', '41°36,640 N', '09°21,495 E', 2.5, 2, 4, 80, 102, 28.000, NULL, NULL, NULL, 96135, 103793, 275.69, 2315.00, 1389.00, 0.000925074, NULL, 0, 0.00, 0.00),
(45, 'EM22-49', NULL, 2, 'EM22-49', '2022-08-14', NULL, NULL, NULL, '18:34:00', '01:00:00', '41°31,876 N', '09°30,856 E', '41°31,425 N', '09°31,526 E', '41°31,006 N', '09°32,162 E', 2.6, 4, 10, 180, 3, 26.900, NULL, NULL, NULL, 14627, 23087, 304.56, 2408.00, 1445.00, 0.000962077, NULL, 0, 0.00, 0.00),
(46, 'EM22-50', NULL, 2, 'EM22-50', '2022-08-15', NULL, NULL, NULL, '10:30:00', '01:00:00', '41°28,859 N ', '09°17,547 E', '41°28,149 N ', '09°17,352 E', '41°27,433 N', '09°17,170 E', 2.9, 3, 12, 70, 3, 27.900, NULL, NULL, NULL, 24261, 32989, 314.21, 2685.00, 1611.00, 0.001073086, NULL, 0, 0.00, 0.00),
(47, 'EM22-51', NULL, 1, 'EM22-51', '2022-08-15', NULL, NULL, NULL, '18:09:00', '01:00:00', '41°39,194 N', '09°23,687 E', '41°39,821 N', '09°23,929 E', '41°40,529 N', '09°24,211 E', 2.7, 3, 10, 110, 3, 28.100, NULL, NULL, NULL, 34490, 42155, 275.94, 2500.00, 1500.00, 0.000999080, NULL, 0, 0.00, 0.00),
(48, 'EM22-53', NULL, 1, 'EM22-53', '2022-08-16', NULL, NULL, NULL, '16:05:00', '01:00:00', '41°36,477 N', '09°51,548 E', '41°36,477 N', '09°52,344 E', '41°36,487 N', '09°53,210 E', 2.8, 2, 4, 70, 2, 28.600, NULL, NULL, NULL, 43909, 52229, 299.52, 2593.00, 1556.00, 0.001036083, NULL, 0, 0.00, 0.00),
(49, 'EM22-55', NULL, 1, 'EM22-55', '2022-08-17', NULL, NULL, NULL, '09:01:00', '01:00:00', '41°47,670 N', '11°59,817 E', '41°47,420 N', '11°59,615 E', '41°47,190 N', '12°00,460 E', 2.8, 3, 13, 90, 3, 26.800, NULL, NULL, NULL, 53285, 61257, 286.99, 2593.00, 1556.00, 0.001036083, NULL, 0, 0.00, 0.00),
(50, 'EM22-56', NULL, 1, 'EM22-56', '2022-08-17', NULL, NULL, NULL, '16:31:00', '01:00:00', '41°46,624 N', '12°12,523 E', '41°46,045 N', '12°12,738 E', '41°45,417 N', '12°12,936 E', 2.5, 4, 15, 170, 3, 27.400, NULL, NULL, NULL, 62191, 71637, 340.06, 2315.00, 1389.00, 0.000925074, NULL, 0, 0.00, 0.00),
(51, 'EM22-57', NULL, 1, 'EM22-57', '2022-08-18', NULL, NULL, NULL, '12:32:00', '01:00:00', '41°44,511 N', '12°14,286 E', '41°44,643 N', '12°14,802 E', '41°44,748 N', '12°15,311 E', 1.5, 4, 20, 110, 1, 25.100, NULL, NULL, NULL, 71959, 79394, 267.66, 1389.00, 833.00, 0.000555044, NULL, 0, 0.00, 0.00),
(52, 'EM23-01', 1, 1, 'EM23-01', '2023-07-08', 2.00, 4.57, 0.07, '19:48:00', '20:08:00', '41°37.028\'N', '012°21.868\'E', '41°36.618\'N', '012°22.231\'E', '41°36.222\'N', '012°22.617\'E', 2.9, 1, 5, 150, 1, 28.055, 7.89, 2.06, 41.62, 79845, 86154, 227.12, NULL, NULL, 0.001074160, 'à côte d\'une réserve naturelle avec amphore romaine. Dernière minute manta hors de l\'eau un peu ', 133, 123817.68, 0.59),
(53, 'EM23-02', 1, 1, 'EM23-02', '2023-07-09', 3.00, 1.56, 0.06, '17:30:00', '17:50:00', '40°55.531\'N', '12°53.248\'E', '40°55.187\'N', '012°53.706\'E', '40°54.820\'N', '012°54.174\'E', 2.9, 1, 3, 330, 1, 29.400, 8.07, 6.31, 42.20, 87631, 93527, 212.26, NULL, NULL, 0.001074160, 'prélèvement entre deux îles (ponza et palmarola)', 154, 143367.84, 0.73),
(54, 'EM23-03', 1, 1, 'EM23-03', '2023-07-10', 4.00, 0.25, 0.07, '11:20:00', '11:40:00', '40°53.630\'N', '12°58.510\'E', '40°53.225\'N', '12°58.248\'E', '40°52.847\'N', '12°57.963\'E', 2.6, 0, 0, 0, 0, 28.660, 8.26, 4.89, 42.00, 94234, 100469, 224.46, NULL, NULL, 0.000963040, 'proximité village. Bout sous aile manta. Proche des côtes. Trafic ++.', 147, 152641.63, 0.65),
(55, 'EM23-04', 1, 1, 'EM23-04', '2023-07-10', 2.00, 12.60, 0.04, '20:43:00', '21:03:00', '41°13.141\'N', '12°37.088\'E', '41°13.591\'N', '12°37.088\'E', '41°13.986\'N', '12°36.743\'E', 2.8, 2, 5, 310, 2, 27.870, 8.34, 5.58, 38.78, 100871, 106935, 218.30, NULL, NULL, 0.001037120, 'loin des côtes, au large entre ponza et rome', 64, 61709.35, 0.29),
(56, 'EM23-05', 1, 1, 'EM23-05', '2023-07-11', 3.00, 4.29, 0.05, '18:01:00', '18:21:00', '41°43.078\'N', '12°09.245\'E', '41°42.855\'N', '12°08.689\'E', '41°42.642\'N', '12°08.119\'E', 2.8, 0, 0, 0, 0, 31.200, 8.21, 3.27, 0.00, 7486, 13328, 210.31, NULL, NULL, 0.001037120, 'estuaire rome', 17, 16391.55, 0.08),
(57, 'EM23-06', 1, 2, 'EM23-06', '2023-07-12', 3.00, 2.54, 0.02, '18:08:00', '18:28:00', '41°14.581\'N', '009°05.573\'E', '41°14.368\'N', '009°04.991\'E', '41°14.150\'N', '009°04.390\'E', 2.9, 2, 0, 0, 2, 26.700, 8.34, 2.34, 42.23, 13853, 19428, 200.70, NULL, NULL, 0.001074160, 'vent très fort', 2, 1861.92, 0.01),
(58, 'EM23-07', 1, 3, 'EM23-07', '2023-07-13', 2.00, 0.77, NULL, '12:48:00', '13:48:00', '40°57.530\'N', '008°14.332\'E', '40°57.886\'N', '008°14.636\'E', '40°58.272\'N', '008°14.959\'E', 2.6, 2, 7, 70, 0, 26.628, 8.41, 2.62, 38.15, 19529, 25692, 221.87, NULL, NULL, 0.002889120, 'Dans une baie, manta relevé environ 5sec après les 20min règlementaires', 97, 33574.24, 0.44),
(59, 'EM23-08', 1, 3, 'EM23-08', '2023-07-13', NULL, 0.46, NULL, '20:11:00', '20:31:00', '40°33.766\'N', '008°10.191\'E', '40°34.121\'N', '008°10.502\'E', '40°34.466\'N', '008°10.823\'E', 2.8, 3, 13, 330, 1, 26.380, 8.40, 2.46, 41.87, 26028, 32323, 226.62, NULL, NULL, 0.001037120, NULL, 4, 3856.83, 0.02);

-- --------------------------------------------------------

--
-- Structure de la table `sea`
--

CREATE TABLE `sea` (
  `id_sea` int(11) NOT NULL,
  `name` varchar(100) NOT NULL
) ENGINE=InnoDB DEFAULT CHARSET=utf8mb4 COLLATE=utf8mb4_general_ci;

--
-- Déchargement des données de la table `sea`
--

INSERT INTO `sea` (`id_sea`, `name`) VALUES
(1, 'Mer Tyrrhenienne'),
(2, 'Bouches de Bonifacio'),
(3, 'Mer de Sardaigne'),
(4, 'Mer Ligurienne'),
(5, 'Golfe du lion');

-- --------------------------------------------------------

--
-- Structure de la table `tri`
--

CREATE TABLE `tri` (
  `id` int(11) NOT NULL,
  `Sample` varchar(60) DEFAULT NULL,
  `Size` int(11) DEFAULT NULL,
  `Type` int(11) DEFAULT NULL,
  `Color` int(11) DEFAULT NULL,
  `Number` int(11) DEFAULT NULL
) ENGINE=InnoDB DEFAULT CHARSET=utf8mb4 COLLATE=utf8mb4_general_ci;

--
-- Déchargement des données de la table `tri`
--

INSERT INTO `tri` (`id`, `Sample`, `Size`, `Type`, `Color`, `Number`) VALUES
(1, 'EM22-01', 2, 3, 2, 1),
(2, 'EM22-01', 1, 1, 4, 4),
(3, 'EM22-02', 3, 1, 7, 4),
(4, 'EM22-02', 3, 1, 2, 1),
(5, 'EM22-02', 3, 1, 3, 1),
(6, 'EM22-02', 3, 1, 4, 6),
(7, 'EM22-02', 3, 1, 13, 1),
(8, 'EM22-02', 3, 1, 6, 3),
(9, 'EM22-02', 3, 2, 4, 1),
(10, 'EM22-02', 3, 2, 6, 7),
(11, 'EM22-02', 3, 3, 3, 3),
(12, 'EM22-02', 3, 3, 4, 1),
(13, 'EM22-02', 3, 3, 13, 1),
(14, 'EM22-02', 3, 3, 6, 1),
(15, 'EM22-02', 3, 7, 4, 2),
(16, 'EM22-02', 2, 1, 1, 2),
(17, 'EM22-02', 2, 1, 3, 1),
(18, 'EM22-02', 2, 1, 4, 3),
(19, 'EM22-02', 2, 1, 8, 1),
(20, 'EM22-02', 2, 1, 6, 2),
(21, 'EM22-02', 2, 2, 2, 1),
(22, 'EM22-02', 2, 2, 4, 1),
(23, 'EM22-02', 2, 2, 6, 4),
(24, 'EM22-02', 2, 3, 3, 1),
(25, 'EM22-02', 1, 1, 7, 5),
(26, 'EM22-02', 1, 1, 2, 6),
(27, 'EM22-02', 1, 1, 3, 2),
(28, 'EM22-02', 1, 1, 4, 30),
(29, 'EM22-02', 1, 1, 8, 2),
(30, 'EM22-02', 1, 1, 5, 2),
(31, 'EM22-02', 1, 1, 6, 36),
(32, 'EM22-02', 1, 2, 7, 9),
(33, 'EM22-02', 1, 2, 2, 1),
(34, 'EM22-02', 1, 2, 4, 3),
(35, 'EM22-02', 1, 2, 5, 1),
(36, 'EM22-02', 1, 2, 6, 22),
(37, 'EM22-02', 1, 3, 5, 1),
(38, 'EM22-03', 3, 1, 3, 1),
(39, 'EM22-03', 3, 1, 6, 1),
(40, 'EM22-03', 3, 2, 6, 2),
(41, 'EM22-03', 3, 3, 4, 2),
(42, 'EM22-03', 2, 1, 3, 1),
(43, 'EM22-03', 2, 1, 4, 4),
(44, 'EM22-03', 2, 1, 6, 1),
(45, 'EM22-03', 2, 2, 6, 3),
(46, 'EM22-03', 1, 1, 1, 1),
(47, 'EM22-03', 1, 1, 2, 2),
(48, 'EM22-03', 1, 1, 4, 9),
(49, 'EM22-03', 1, 1, 6, 4),
(50, 'EM22-04', 3, 1, 3, 1),
(51, 'EM22-04', 3, 1, 4, 2),
(52, 'EM22-04', 3, 1, 6, 2),
(53, 'EM22-04', 3, 2, 6, 2),
(54, 'EM22-04', 3, 3, 4, 3),
(55, 'EM22-04', 3, 3, 8, 1),
(56, 'EM22-04', 2, 1, 6, 3),
(57, 'EM22-04', 2, 2, 6, 4),
(58, 'EM22-04', 2, 3, 4, 1),
(59, 'EM22-04', 1, 1, 1, 3),
(60, 'EM22-04', 1, 1, 2, 2),
(61, 'EM22-04', 1, 1, 3, 1),
(62, 'EM22-04', 1, 1, 4, 8),
(63, 'EM22-04', 1, 1, 8, 3),
(64, 'EM22-04', 1, 1, 6, 12),
(65, 'EM22-04', 1, 2, 6, 1),
(66, 'EM22-04', 1, 3, 4, 1),
(67, 'EM22-05', 3, 1, 1, 3),
(68, 'EM22-05', 3, 1, 4, 10),
(69, 'EM22-05', 3, 1, 5, 1),
(70, 'EM22-05', 3, 1, 6, 2),
(71, 'EM22-05', 3, 2, 1, 1),
(72, 'EM22-05', 3, 2, 2, 1),
(73, 'EM22-05', 3, 2, 3, 1),
(74, 'EM22-05', 3, 2, 4, 12),
(75, 'EM22-05', 3, 2, 6, 38),
(76, 'EM22-05', 3, 3, 1, 3),
(77, 'EM22-05', 3, 3, 2, 2),
(78, 'EM22-05', 3, 3, 3, 4),
(79, 'EM22-05', 3, 3, 4, 3),
(80, 'EM22-05', 3, 3, 5, 1),
(81, 'EM22-05', 3, 3, 6, 3),
(82, 'EM22-05', 3, 3, 9, 1),
(83, 'EM22-05', 2, 1, 1, 6),
(84, 'EM22-05', 2, 1, 2, 4),
(85, 'EM22-05', 2, 1, 4, 7),
(86, 'EM22-05', 2, 1, 8, 1),
(87, 'EM22-05', 2, 1, 6, 12),
(88, 'EM22-05', 2, 2, 2, 1),
(89, 'EM22-05', 2, 2, 4, 8),
(90, 'EM22-05', 2, 2, 6, 47),
(91, 'EM22-05', 2, 3, 2, 1),
(92, 'EM22-05', 2, 3, 3, 2),
(93, 'EM22-05', 2, 3, 4, 3),
(94, 'EM22-05', 2, 3, 5, 1),
(95, 'EM22-05', 2, 3, 6, 3),
(96, 'EM22-05', 2, 5, 4, 1),
(97, 'EM22-05', 1, 1, 1, 14),
(98, 'EM22-05', 1, 1, 2, 5),
(99, 'EM22-05', 1, 1, 3, 2),
(100, 'EM22-05', 1, 1, 4, 53),
(101, 'EM22-05', 1, 1, 8, 2),
(102, 'EM22-05', 1, 1, 5, 1),
(103, 'EM22-05', 1, 1, 6, 33),
(104, 'EM22-05', 1, 2, 2, 1),
(105, 'EM22-05', 1, 2, 4, 13),
(106, 'EM22-05', 1, 2, 6, 40),
(107, 'EM22-05', 1, 2, 9, 1),
(108, 'EM22-05', 1, 3, 1, 1),
(109, 'EM22-05', 1, 3, 2, 1),
(110, 'EM22-05', 1, 3, 3, 1),
(111, 'EM22-05', 1, 3, 4, 1),
(112, 'EM22-05', 1, 3, 6, 1),
(113, 'EM22-06', 3, 1, 4, 3),
(114, 'EM22-06', 3, 1, 5, 1),
(115, 'EM22-06', 3, 2, 6, 5),
(116, 'EM22-06', 3, 3, 2, 1),
(117, 'EM22-06', 3, 3, 6, 5),
(118, 'EM22-06', 2, 1, 1, 3),
(119, 'EM22-06', 2, 1, 3, 1),
(120, 'EM22-06', 2, 1, 4, 6),
(121, 'EM22-06', 2, 1, 8, 2),
(122, 'EM22-06', 2, 1, 6, 11),
(123, 'EM22-06', 2, 2, 1, 2),
(124, 'EM22-06', 2, 2, 4, 1),
(125, 'EM22-06', 2, 2, 8, 1),
(126, 'EM22-06', 2, 2, 6, 6),
(127, 'EM22-06', 2, 3, 1, 2),
(128, 'EM22-06', 2, 3, 2, 1),
(129, 'EM22-06', 2, 3, 3, 3),
(130, 'EM22-06', 2, 3, 4, 1),
(131, 'EM22-06', 2, 3, 6, 5),
(132, 'EM22-06', 1, 1, 1, 29),
(133, 'EM22-06', 1, 1, 2, 16),
(134, 'EM22-06', 1, 1, 3, 1),
(135, 'EM22-06', 1, 1, 10, 5),
(136, 'EM22-06', 1, 1, 4, 53),
(137, 'EM22-06', 1, 1, 8, 3),
(138, 'EM22-06', 1, 1, 6, 126),
(139, 'EM22-06', 1, 2, 1, 1),
(140, 'EM22-06', 1, 2, 4, 1),
(141, 'EM22-06', 1, 2, 6, 8),
(142, 'EM22-06', 1, 3, 2, 2),
(143, 'EM22-06', 1, 3, 4, 3),
(144, 'EM22-06', 1, 3, 6, 3),
(145, 'EM22-06', 1, 5, 1, 1),
(146, 'EM22-06', 1, 5, 4, 2),
(147, 'EM22-06', 1, 4, 4, 1),
(148, 'EM22-07', 3, 1, 1, 3),
(149, 'EM22-07', 3, 1, 4, 5),
(150, 'EM22-07', 3, 1, 6, 1),
(151, 'EM22-07', 3, 2, 1, 1),
(152, 'EM22-07', 3, 2, 4, 1),
(153, 'EM22-07', 3, 2, 5, 1),
(154, 'EM22-07', 2, 1, 1, 3),
(155, 'EM22-07', 2, 1, 3, 1),
(156, 'EM22-07', 2, 1, 6, 7),
(157, 'EM22-07', 2, 2, 4, 1),
(158, 'EM22-07', 2, 2, 6, 9),
(159, 'EM22-07', 2, 3, 3, 2),
(160, 'EM22-07', 1, 1, 1, 6),
(161, 'EM22-07', 1, 1, 2, 5),
(162, 'EM22-07', 1, 1, 3, 1),
(163, 'EM22-07', 1, 1, 4, 27),
(164, 'EM22-07', 1, 1, 5, 1),
(165, 'EM22-07', 1, 1, 6, 24),
(166, 'EM22-07', 1, 2, 6, 3),
(167, 'EM22-07', 1, 3, 6, 1),
(168, 'EM22-08', 3, 1, 1, 1),
(169, 'EM22-08', 3, 1, 2, 1),
(170, 'EM22-08', 3, 1, 4, 5),
(171, 'EM22-08', 3, 1, 6, 1),
(172, 'EM22-08', 3, 2, 4, 1),
(173, 'EM22-08', 3, 2, 6, 3),
(174, 'EM22-08', 3, 3, 1, 1),
(175, 'EM22-08', 3, 3, 2, 3),
(176, 'EM22-08', 3, 3, 3, 4),
(177, 'EM22-08', 3, 3, 4, 5),
(178, 'EM22-08', 3, 3, 6, 1),
(179, 'EM22-08', 2, 1, 1, 1),
(180, 'EM22-08', 2, 1, 3, 2),
(181, 'EM22-08', 2, 1, 10, 2),
(182, 'EM22-08', 2, 1, 4, 7),
(183, 'EM22-08', 2, 1, 6, 5),
(184, 'EM22-08', 2, 2, 4, 2),
(185, 'EM22-08', 2, 2, 6, 4),
(186, 'EM22-08', 2, 3, 1, 1),
(187, 'EM22-08', 2, 3, 3, 1),
(188, 'EM22-08', 2, 3, 6, 2),
(189, 'EM22-08', 2, 4, 8, 1),
(190, 'EM22-08', 2, 4, 6, 1),
(191, 'EM22-08', 1, 1, 1, 9),
(192, 'EM22-08', 1, 1, 2, 12),
(193, 'EM22-08', 1, 1, 3, 7),
(194, 'EM22-08', 1, 1, 10, 1),
(195, 'EM22-08', 1, 1, 4, 30),
(196, 'EM22-08', 1, 1, 5, 1),
(197, 'EM22-08', 1, 1, 6, 30),
(198, 'EM22-08', 1, 2, 2, 2),
(199, 'EM22-08', 1, 2, 4, 1),
(200, 'EM22-08', 1, 2, 6, 6),
(201, 'EM22-08', 1, 3, 1, 1),
(202, 'EM22-08', 1, 3, 2, 2),
(203, 'EM22-08', 1, 3, 4, 4),
(204, 'EM22-08', 1, 3, 6, 1),
(205, 'EM22-08', 1, 5, 4, 1),
(206, 'EM22-09', 3, 1, 5, 1),
(207, 'EM22-09', 3, 1, 6, 1),
(208, 'EM22-09', 3, 2, 4, 1),
(209, 'EM22-09', 3, 2, 6, 3),
(210, 'EM22-09', 3, 3, 2, 1),
(211, 'EM22-09', 3, 3, 3, 1),
(212, 'EM22-09', 3, 3, 4, 1),
(213, 'EM22-09', 3, 3, 6, 1),
(214, 'EM22-09', 2, 1, 1, 3),
(215, 'EM22-09', 2, 1, 10, 1),
(216, 'EM22-09', 2, 1, 4, 1),
(217, 'EM22-09', 2, 1, 6, 2),
(218, 'EM22-09', 2, 2, 6, 5),
(219, 'EM22-09', 2, 3, 1, 1),
(220, 'EM22-09', 2, 3, 3, 1),
(221, 'EM22-09', 2, 3, 4, 1),
(222, 'EM22-09', 1, 1, 1, 4),
(223, 'EM22-09', 1, 1, 2, 6),
(224, 'EM22-09', 1, 1, 3, 1),
(225, 'EM22-09', 1, 1, 4, 8),
(226, 'EM22-09', 1, 1, 8, 1),
(227, 'EM22-09', 1, 1, 5, 1),
(228, 'EM22-09', 1, 1, 6, 17),
(229, 'EM22-09', 1, 2, 6, 4),
(230, 'EM22-09', 1, 3, 2, 1),
(231, 'EM22-09', 1, 3, 6, 1),
(232, 'EM22-10', 3, 2, 6, 5),
(233, 'EM22-10', 2, 1, 1, 1),
(234, 'EM22-10', 2, 1, 4, 1),
(235, 'EM22-10', 2, 1, 8, 1),
(236, 'EM22-10', 2, 2, 6, 6),
(237, 'EM22-10', 2, 3, 6, 1),
(238, 'EM22-10', 1, 1, 1, 1),
(239, 'EM22-10', 1, 1, 2, 1),
(240, 'EM22-10', 1, 1, 4, 3),
(241, 'EM22-10', 1, 1, 6, 2),
(242, 'EM22-10', 1, 1, 11, 1),
(243, 'EM22-10', 1, 2, 6, 3),
(244, 'EM22-10', 1, 3, 1, 1),
(245, 'EM22-10', 1, 3, 6, 3),
(246, 'EM22-11', 3, 1, 6, 2),
(247, 'EM22-11', 3, 2, 4, 1),
(248, 'EM22-11', 3, 3, 1, 2),
(249, 'EM22-11', 3, 3, 2, 1),
(250, 'EM22-11', 3, 3, 6, 1),
(251, 'EM22-11', 2, 1, 6, 1),
(252, 'EM22-11', 2, 2, 4, 1),
(253, 'EM22-11', 1, 1, 1, 2),
(254, 'EM22-11', 1, 1, 3, 1),
(255, 'EM22-11', 1, 1, 4, 5),
(256, 'EM22-11', 1, 1, 8, 1),
(257, 'EM22-11', 1, 1, 6, 3),
(258, 'EM22-11', 1, 2, 4, 1),
(259, 'EM22-11', 1, 2, 6, 2),
(260, 'EM22-11', 1, 3, 2, 3),
(261, 'EM22-11', 1, 3, 4, 1),
(262, 'EM22-11', 1, 3, 6, 4),
(263, 'EM22-12', 3, 3, 1, 1),
(264, 'EM22-12', 3, 3, 2, 2),
(265, 'EM22-12', 3, 3, 3, 1),
(266, 'EM22-12', 3, 3, 4, 1),
(267, 'EM22-12', 3, 3, 6, 7),
(268, 'EM22-12', 3, 1, 6, 17),
(269, 'EM22-12', 3, 1, 4, 3),
(270, 'EM22-12', 3, 2, 6, 12),
(271, 'EM22-12', 3, 4, 4, 1),
(272, 'EM22-12', 2, 1, 1, 4),
(273, 'EM22-12', 2, 1, 2, 3),
(274, 'EM22-12', 2, 1, 3, 3),
(275, 'EM22-12', 2, 1, 4, 9),
(276, 'EM22-12', 2, 1, 5, 1),
(277, 'EM22-12', 2, 1, 6, 28),
(278, 'EM22-12', 2, 2, 4, 2),
(279, 'EM22-12', 2, 2, 5, 1),
(280, 'EM22-12', 2, 2, 6, 36),
(281, 'EM22-12', 2, 3, 3, 2),
(282, 'EM22-12', 2, 3, 4, 5),
(283, 'EM22-12', 2, 3, 6, 3),
(284, 'EM22-12', 2, 4, 4, 1),
(285, 'EM22-12', 1, 1, 1, 24),
(286, 'EM22-12', 1, 1, 2, 17),
(287, 'EM22-12', 1, 1, 3, 9),
(288, 'EM22-12', 1, 1, 4, 58),
(289, 'EM22-12', 1, 1, 8, 7),
(290, 'EM22-12', 1, 1, 5, 7),
(291, 'EM22-12', 1, 1, 6, 115),
(292, 'EM22-12', 1, 2, 2, 1),
(293, 'EM22-12', 1, 2, 4, 1),
(294, 'EM22-12', 1, 2, 6, 28),
(295, 'EM22-12', 1, 3, 2, 1),
(296, 'EM22-12', 1, 3, 3, 2),
(297, 'EM22-12', 1, 3, 4, 4),
(298, 'EM22-12', 1, 3, 8, 2),
(299, 'EM22-12', 1, 3, 6, 8),
(300, 'EM22-13', 3, 1, 1, 1),
(301, 'EM22-13', 3, 1, 2, 2),
(302, 'EM22-13', 3, 1, 3, 1),
(303, 'EM22-13', 3, 1, 4, 4),
(304, 'EM22-13', 3, 1, 6, 5),
(305, 'EM22-13', 3, 2, 2, 1),
(306, 'EM22-13', 3, 2, 4, 1),
(307, 'EM22-13', 3, 2, 6, 19),
(308, 'EM22-13', 3, 3, 1, 2),
(309, 'EM22-13', 3, 3, 2, 1),
(310, 'EM22-13', 3, 3, 3, 7),
(311, 'EM22-13', 3, 3, 5, 2),
(312, 'EM22-13', 3, 3, 6, 8),
(313, 'EM22-13', 2, 1, 1, 8),
(314, 'EM22-13', 2, 1, 2, 2),
(315, 'EM22-13', 2, 1, 3, 3),
(316, 'EM22-13', 2, 1, 4, 17),
(317, 'EM22-13', 2, 1, 6, 31),
(318, 'EM22-13', 2, 2, 1, 2),
(319, 'EM22-13', 2, 2, 6, 34),
(320, 'EM22-13', 2, 3, 1, 3),
(321, 'EM22-13', 2, 3, 3, 18),
(322, 'EM22-13', 2, 3, 4, 1),
(323, 'EM22-13', 2, 3, 6, 3),
(324, 'EM22-13', 1, 1, 1, 35),
(325, 'EM22-13', 1, 1, 2, 16),
(326, 'EM22-13', 1, 1, 3, 6),
(327, 'EM22-13', 1, 1, 4, 92),
(328, 'EM22-13', 1, 1, 8, 5),
(329, 'EM22-13', 1, 1, 5, 5),
(330, 'EM22-13', 1, 1, 6, 123),
(331, 'EM22-13', 1, 2, 1, 6),
(332, 'EM22-13', 1, 2, 2, 1),
(333, 'EM22-13', 1, 2, 3, 1),
(334, 'EM22-13', 1, 2, 4, 5),
(335, 'EM22-13', 1, 2, 8, 1),
(336, 'EM22-13', 1, 2, 6, 57),
(337, 'EM22-13', 1, 3, 1, 2),
(338, 'EM22-13', 1, 3, 2, 5),
(339, 'EM22-13', 1, 3, 3, 1),
(340, 'EM22-13', 1, 3, 4, 1),
(341, 'EM22-13', 1, 3, 5, 1),
(342, 'EM22-13', 1, 3, 6, 5),
(343, 'EM22-13', 1, 4, 6, 1),
(344, 'EM22-15', 3, 1, 4, 1),
(345, 'EM22-15', 3, 2, 6, 3),
(346, 'EM22-15', 2, 1, 5, 1),
(347, 'EM22-15', 2, 2, 6, 3),
(348, 'EM22-15', 2, 3, 3, 1),
(349, 'EM22-15', 2, 3, 6, 1),
(350, 'EM22-15', 1, 1, 1, 4),
(351, 'EM22-15', 1, 1, 2, 1),
(352, 'EM22-15', 1, 1, 4, 3),
(353, 'EM22-15', 1, 1, 6, 3),
(354, 'EM22-15', 1, 2, 6, 2),
(355, 'EM22-15', 1, 3, 2, 1),
(356, 'EM22-16', 3, 1, 4, 1),
(357, 'EM22-16', 3, 2, 6, 3),
(358, 'EM22-16', 2, 1, 3, 2),
(359, 'EM22-16', 2, 1, 4, 2),
(360, 'EM22-16', 2, 1, 6, 1),
(361, 'EM22-16', 2, 2, 6, 1),
(362, 'EM22-16', 1, 1, 1, 5),
(363, 'EM22-16', 1, 1, 2, 1),
(364, 'EM22-16', 1, 1, 4, 6),
(365, 'EM22-16', 1, 1, 5, 2),
(366, 'EM22-16', 1, 1, 6, 12),
(367, 'EM22-16', 1, 2, 4, 1),
(368, 'EM22-16', 1, 2, NULL, 1),
(369, 'EM22-16', 1, 2, 6, 1),
(370, 'EM22-16', 1, 5, 4, 2),
(371, 'EM22-17', 3, 1, 1, 1),
(372, 'EM22-17', 3, 1, 2, 1),
(373, 'EM22-17', 3, 1, 4, 3),
(374, 'EM22-17', 3, 2, 1, 2),
(375, 'EM22-17', 3, 2, 3, 2),
(376, 'EM22-17', 3, 2, 4, 4),
(377, 'EM22-17', 3, 2, 6, 10),
(378, 'EM22-17', 3, 3, 1, 2),
(379, 'EM22-17', 3, 3, 3, 2),
(380, 'EM22-17', 3, 3, 4, 4),
(381, 'EM22-17', 3, 3, 5, 1),
(382, 'EM22-17', 3, 3, 6, 3),
(383, 'EM22-17', 2, 1, 2, 2),
(384, 'EM22-17', 2, 1, 3, 1),
(385, 'EM22-17', 2, 1, 4, 6),
(386, 'EM22-17', 2, 1, 6, 4),
(387, 'EM22-17', 2, 2, 4, 2),
(388, 'EM22-17', 2, 2, 5, 1),
(389, 'EM22-17', 2, 2, 6, 10),
(390, 'EM22-17', 2, 5, 4, 1),
(391, 'EM22-17', 1, 1, 1, 6),
(392, 'EM22-17', 1, 1, 2, 9),
(393, 'EM22-17', 1, 1, 3, 9),
(394, 'EM22-17', 1, 1, 4, 32),
(395, 'EM22-17', 1, 1, 8, 2),
(396, 'EM22-17', 1, 1, 5, 5),
(397, 'EM22-17', 1, 1, 6, 38),
(398, 'EM22-17', 1, 2, 3, 1),
(399, 'EM22-17', 1, 2, 4, 2),
(400, 'EM22-17', 1, 2, 6, 12),
(401, 'EM22-17', 1, 3, 2, 1),
(402, 'EM22-17', 1, 3, 4, 1),
(403, 'EM22-17', 1, 5, 4, 1),
(404, 'EM22-18', 3, 2, 4, 1),
(405, 'EM22-18', 3, 2, 6, 1),
(406, 'EM22-18', 2, 1, 1, 1),
(407, 'EM22-18', 2, 1, 4, 1),
(408, 'EM22-18', 2, 1, 6, 2),
(409, 'EM22-18', 2, 2, 4, 1),
(410, 'EM22-18', 2, 2, 5, 1),
(411, 'EM22-18', 2, 3, 4, 1),
(412, 'EM22-18', 2, 5, 4, 1),
(413, 'EM22-18', 1, 1, 1, 7),
(414, 'EM22-18', 1, 1, 4, 12),
(415, 'EM22-18', 1, 1, 6, 5),
(416, 'EM22-18', 1, 1, 9, 1),
(417, 'EM22-18', 1, 2, 4, 1),
(418, 'EM22-18', 1, 2, 6, 3),
(419, 'EM22-18', 1, 3, 4, 1),
(420, 'EM22-18', 1, 5, 4, 10),
(421, 'EM22-19', 3, 1, 2, 1),
(422, 'EM22-19', 3, 1, 4, 1),
(423, 'EM22-19', 3, 2, 6, 1),
(424, 'EM22-19', 3, 3, 3, 1),
(425, 'EM22-19', 3, 3, 6, 1),
(426, 'EM22-19', 2, 1, 1, 1),
(427, 'EM22-19', 2, 1, 2, 1),
(428, 'EM22-19', 2, 1, 4, 5),
(429, 'EM22-19', 2, 1, 6, 9),
(430, 'EM22-19', 2, 2, 4, 1),
(431, 'EM22-19', 2, 2, 6, 5),
(432, 'EM22-19', 2, 3, 2, 1),
(433, 'EM22-19', 2, 3, 4, 2),
(434, 'EM22-19', 2, 3, 5, 1),
(435, 'EM22-19', 2, 5, 1, 1),
(436, 'EM22-19', 1, 1, 1, 27),
(437, 'EM22-19', 1, 1, 2, 3),
(438, 'EM22-19', 1, 1, 3, 1),
(439, 'EM22-19', 1, 1, 10, 2),
(440, 'EM22-19', 1, 1, 4, 38),
(441, 'EM22-19', 1, 1, 8, 3),
(442, 'EM22-19', 1, 1, 5, 3),
(443, 'EM22-19', 1, 1, 6, 56),
(444, 'EM22-19', 1, 1, 9, 2),
(445, 'EM22-19', 1, 2, 4, 1),
(446, 'EM22-19', 1, 2, 6, 4),
(447, 'EM22-19', 1, 3, 3, 3),
(448, 'EM22-19', 1, 3, 6, 4),
(449, 'EM22-20', 3, 3, 1, 1),
(450, 'EM22-20', 3, 3, 2, 1),
(451, 'EM22-20', 2, 1, 1, 1),
(452, 'EM22-20', 2, 1, 3, 1),
(453, 'EM22-20', 2, 3, 6, 1),
(454, 'EM22-20', 1, 1, 1, 2),
(455, 'EM22-20', 1, 1, 4, 5),
(456, 'EM22-20', 1, 3, 2, 1),
(457, 'EM22-20', 1, 3, 6, 1),
(458, 'EM22-21', 3, 2, 8, 1),
(459, 'EM22-21', 3, 2, 6, 1),
(460, 'EM22-21', 3, 3, 2, 1),
(461, 'EM22-21', 2, 1, 2, 2),
(462, 'EM22-21', 2, 1, 4, 2),
(463, 'EM22-21', 2, 2, 5, 1),
(464, 'EM22-21', 1, 1, 1, 1),
(465, 'EM22-21', 1, 1, 10, 2),
(466, 'EM22-21', 1, 1, 4, 7),
(467, 'EM22-21', 1, 2, 6, 1),
(468, 'EM22-22', 3, 1, 2, 1),
(469, 'EM22-22', 3, 1, 4, 1),
(470, 'EM22-22', 3, 1, 6, 1),
(471, 'EM22-22', 3, 2, 6, 2),
(472, 'EM22-22', 3, 3, 3, 1),
(473, 'EM22-22', 3, 3, 4, 1),
(474, 'EM22-22', 3, 3, 6, 1),
(475, 'EM22-22', 2, 1, 1, 8),
(476, 'EM22-22', 2, 1, 3, 1),
(477, 'EM22-22', 2, 1, 4, 6),
(478, 'EM22-22', 2, 1, 6, 1),
(479, 'EM22-22', 2, 1, 9, 1),
(480, 'EM22-22', 2, 2, 6, 7),
(481, 'EM22-22', 2, 4, 6, 1),
(482, 'EM22-22', 1, 1, 1, 11),
(483, 'EM22-22', 1, 1, 2, 8),
(484, 'EM22-22', 1, 1, 3, 3),
(485, 'EM22-22', 1, 1, 4, 35),
(486, 'EM22-22', 1, 1, 6, 36),
(487, 'EM22-22', 1, 1, 9, 1),
(488, 'EM22-22', 1, 2, 6, 2),
(489, 'EM22-22', 1, 3, 6, 1),
(490, 'EM22-23', 3, 1, 1, 1),
(491, 'EM22-23', 3, 1, 2, 1),
(492, 'EM22-23', 3, 1, 3, 1),
(493, 'EM22-23', 3, 1, 4, 10),
(494, 'EM22-23', 3, 1, 6, 2),
(495, 'EM22-23', 3, 2, 1, 1),
(496, 'EM22-23', 3, 2, 2, 2),
(497, 'EM22-23', 3, 2, 4, 4),
(498, 'EM22-23', 3, 2, 8, 1),
(499, 'EM22-23', 3, 2, 6, 10),
(500, 'EM22-23', 3, 3, 2, 1),
(501, 'EM22-23', 3, 3, 4, 3),
(502, 'EM22-23', 3, 3, 8, 1),
(503, 'EM22-23', 3, 3, 6, 3),
(504, 'EM22-23', 2, 1, 1, 2),
(505, 'EM22-23', 2, 1, 2, 3),
(506, 'EM22-23', 2, 1, 3, 1),
(507, 'EM22-23', 2, 1, 4, 6),
(508, 'EM22-23', 2, 1, 6, 25),
(509, 'EM22-23', 2, 2, 6, 4),
(510, 'EM22-23', 2, 2, 9, 1),
(511, 'EM22-23', 2, 3, 4, 1),
(512, 'EM22-23', 2, 5, 4, 2),
(513, 'EM22-23', 2, 4, 4, 2),
(514, 'EM22-23', 1, 1, 1, 8),
(515, 'EM22-23', 1, 1, 2, 1),
(516, 'EM22-23', 1, 1, 3, 2),
(517, 'EM22-23', 1, 1, 4, 25),
(518, 'EM22-23', 1, 1, 8, 1),
(519, 'EM22-23', 1, 1, 6, 69),
(520, 'EM22-23', 1, 1, 9, 4),
(521, 'EM22-23', 1, 2, 1, 1),
(522, 'EM22-23', 1, 2, 6, 3),
(523, 'EM22-23', 1, 3, 6, 1),
(524, 'EM22-23', 1, 5, 4, 1),
(525, 'EM22-24', 3, 1, 4, 1),
(526, 'EM22-24', 3, 1, 6, 1),
(527, 'EM22-24', 3, 3, 5, 1),
(528, 'EM22-24', 3, 3, 6, 2),
(529, 'EM22-24', 2, 1, 3, 1),
(530, 'EM22-24', 2, 1, 4, 2),
(531, 'EM22-24', 2, 1, 6, 2),
(532, 'EM22-24', 2, 3, 7, 1),
(533, 'EM22-24', 1, 1, 2, 1),
(534, 'EM22-24', 1, 1, 3, 1),
(535, 'EM22-24', 1, 1, 10, 1),
(536, 'EM22-24', 1, 1, 4, 1),
(537, 'EM22-24', 1, 1, 8, 1),
(538, 'EM22-24', 1, 1, 6, 14),
(539, 'EM22-24', 1, 1, 9, 2),
(540, 'EM22-24', 1, 2, 6, 1),
(541, 'EM22-24', 1, 3, 4, 1),
(542, 'EM22-24', 1, 5, 4, 1),
(543, 'EM22-25', 3, 1, 12, 2),
(544, 'EM22-25', 3, 1, 4, 1),
(545, 'EM22-25', 3, 1, 6, 1),
(546, 'EM22-25', 3, 2, 6, 16),
(547, 'EM22-25', 3, 3, 2, 1),
(548, 'EM22-25', 3, 3, 4, 1),
(549, 'EM22-25', 2, 1, 12, 9),
(550, 'EM22-25', 2, 1, 3, 1),
(551, 'EM22-25', 2, 1, 4, 4),
(552, 'EM22-25', 2, 1, 6, 8),
(553, 'EM22-25', 2, 2, 6, 11),
(554, 'EM22-25', 2, 3, 3, 2),
(555, 'EM22-25', 2, 3, 8, 1),
(556, 'EM22-25', 1, 1, 12, 21),
(557, 'EM22-25', 1, 1, 2, 7),
(558, 'EM22-25', 1, 1, 3, 8),
(559, 'EM22-25', 1, 1, 10, 1),
(560, 'EM22-25', 1, 1, 4, 32),
(561, 'EM22-25', 1, 1, 8, 1),
(562, 'EM22-25', 1, 1, 5, 1),
(563, 'EM22-25', 1, 1, 6, 71),
(564, 'EM22-25', 1, 2, 12, 1),
(565, 'EM22-25', 1, 2, 4, 3),
(566, 'EM22-25', 1, 2, 6, 20),
(567, 'EM22-25', 1, 3, 2, 1),
(568, 'EM22-25', 1, 3, 3, 1),
(569, 'EM22-25', 1, 3, 5, 1),
(570, 'EM22-25', 1, 3, 6, 4),
(571, 'EM22-26', 3, 1, 4, 1),
(572, 'EM22-26', 3, 2, 4, 3),
(573, 'EM22-26', 3, 2, 6, 1),
(574, 'EM22-26', 2, 1, 1, 1),
(575, 'EM22-26', 2, 1, 2, 1),
(576, 'EM22-26', 2, 1, 4, 5),
(577, 'EM22-26', 2, 1, 6, 2),
(578, 'EM22-26', 2, 2, 4, 1),
(579, 'EM22-26', 2, 2, 6, 1),
(580, 'EM22-26', 2, 4, 4, 1),
(581, 'EM22-26', 1, 1, 1, 1),
(582, 'EM22-26', 1, 1, 2, 1),
(583, 'EM22-26', 1, 1, 4, 6),
(584, 'EM22-26', 1, 1, 8, 1),
(585, 'EM22-26', 1, 1, 5, 1),
(586, 'EM22-26', 1, 1, 6, 9),
(587, 'EM22-26', 1, 2, 6, 1),
(588, 'EM22-27', 3, 1, 5, 1),
(589, 'EM22-27', 3, 1, 6, 1),
(590, 'EM22-27', 3, 3, 2, 1),
(591, 'EM22-27', 3, 3, 4, 1),
(592, 'EM22-27', 2, 1, 3, 1),
(593, 'EM22-27', 2, 1, 4, 3),
(594, 'EM22-27', 2, 1, 6, 2),
(595, 'EM22-27', 2, 3, 2, 1),
(596, 'EM22-27', 2, 3, 4, 2),
(597, 'EM22-27', 1, 1, 1, 16),
(598, 'EM22-27', 1, 1, 2, 9),
(599, 'EM22-27', 1, 1, 3, 1),
(600, 'EM22-27', 1, 1, 10, 1),
(601, 'EM22-27', 1, 1, 4, 20),
(602, 'EM22-27', 1, 1, 8, 1),
(603, 'EM22-27', 1, 1, 5, 1),
(604, 'EM22-27', 1, 1, 6, 15),
(605, 'EM22-27', 1, 2, 2, 1),
(606, 'EM22-27', 1, 2, 6, 8),
(607, 'EM22-27', 1, 3, 2, 5),
(608, 'EM22-27', 1, 3, 3, 1),
(609, 'EM22-27', 1, 3, 4, 1),
(610, 'EM22-28', 3, 1, 1, 1),
(611, 'EM22-28', 3, 2, 1, 2),
(612, 'EM22-28', 3, 2, 6, 2),
(613, 'EM22-28', 3, 3, 6, 3),
(614, 'EM22-28', 2, 1, 1, 4),
(615, 'EM22-28', 2, 1, 3, 1),
(616, 'EM22-28', 2, 2, 1, 1),
(617, 'EM22-28', 2, 2, 6, 5),
(618, 'EM22-28', 2, 3, 4, 2),
(619, 'EM22-28', 2, 3, 6, 8),
(620, 'EM22-28', 1, 1, 1, 12),
(621, 'EM22-28', 1, 1, 3, 1),
(622, 'EM22-28', 1, 1, 10, 1),
(623, 'EM22-28', 1, 1, 4, 7),
(624, 'EM22-28', 1, 1, 6, 4),
(625, 'EM22-28', 1, 2, 1, 1),
(626, 'EM22-28', 1, 2, 4, 4),
(627, 'EM22-28', 1, 2, 6, 5),
(628, 'EM22-28', 1, 3, 1, 3),
(629, 'EM22-28', 1, 3, 3, 4),
(630, 'EM22-28', 1, 3, 10, 1),
(631, 'EM22-28', 1, 3, 4, 4),
(632, 'EM22-28', 1, 3, 6, 6),
(633, 'EM22-29', 3, 1, 4, 7),
(634, 'EM22-29', 3, 1, 6, 1),
(635, 'EM22-29', 3, 3, 1, 2),
(636, 'EM22-29', 3, 3, 4, 2),
(637, 'EM22-29', 3, 3, 6, 3),
(638, 'EM22-29', 2, 1, 4, 2),
(639, 'EM22-29', 2, 1, 5, 1),
(640, 'EM22-29', 2, 2, 1, 1),
(641, 'EM22-29', 2, 2, 2, 1),
(642, 'EM22-29', 2, 2, 4, 1),
(643, 'EM22-29', 2, 2, 6, 4),
(644, 'EM22-29', 2, 3, 1, 1),
(645, 'EM22-29', 2, 3, 3, 2),
(646, 'EM22-29', 2, 3, 5, 3),
(647, 'EM22-29', 2, 3, 6, 1),
(648, 'EM22-29', 2, 5, 4, 7),
(649, 'EM22-29', 1, 1, 1, 1),
(650, 'EM22-29', 1, 1, 2, 3),
(651, 'EM22-29', 1, 1, 4, 10),
(652, 'EM22-29', 1, 1, 5, 2),
(653, 'EM22-29', 1, 1, 6, 3),
(654, 'EM22-29', 1, 2, 1, 1),
(655, 'EM22-29', 1, 2, 4, 3),
(656, 'EM22-29', 1, 2, 6, 16),
(657, 'EM22-29', 1, 3, 3, 3),
(658, 'EM22-29', 1, 3, 4, 1),
(659, 'EM22-29', 1, 3, 8, 1),
(660, 'EM22-29', 1, 5, 4, 9),
(661, 'EM22-30', 3, 1, 4, 1),
(662, 'EM22-30', 3, 3, 2, 1),
(663, 'EM22-30', 2, 1, 4, 1),
(664, 'EM22-30', 2, 2, 1, 1),
(665, 'EM22-30', 2, 2, 6, 1),
(666, 'EM22-30', 2, 3, 1, 1),
(667, 'EM22-30', 1, 1, 1, 5),
(668, 'EM22-30', 1, 1, 2, 2),
(669, 'EM22-30', 1, 1, 4, 2),
(670, 'EM22-30', 1, 1, 8, 1),
(671, 'EM22-30', 1, 1, 5, 3),
(672, 'EM22-30', 1, 1, 6, 3),
(673, 'EM22-30', 1, 2, 4, 1),
(674, 'EM22-30', 1, 2, 6, 5),
(675, 'EM22-30', 1, 3, 1, 1),
(676, 'EM22-30', 1, 3, 4, 2),
(677, 'EM22-30', 1, 3, 6, 2),
(678, 'EM22-31', 3, 1, 4, 3),
(679, 'EM22-31', 3, 1, 8, 1),
(680, 'EM22-31', 3, 2, 6, 1),
(681, 'EM22-31', 3, 3, 3, 2),
(682, 'EM22-31', 2, 1, 4, 1),
(683, 'EM22-31', 2, 1, 6, 2),
(684, 'EM22-31', 1, 1, 1, 1),
(685, 'EM22-31', 1, 1, 3, 1),
(686, 'EM22-31', 1, 1, 4, 4),
(687, 'EM22-31', 1, 1, 6, 2),
(688, 'EM22-32', 3, 1, 1, 1),
(689, 'EM22-32', 3, 1, 2, 1),
(690, 'EM22-32', 3, 1, 3, 3),
(691, 'EM22-32', 3, 1, 4, 2),
(692, 'EM22-32', 3, 1, 6, 2),
(693, 'EM22-32', 3, 2, 3, 1),
(694, 'EM22-32', 3, 2, 4, 1),
(695, 'EM22-32', 3, 2, 6, 8),
(696, 'EM22-32', 3, 2, 9, 1),
(697, 'EM22-32', 3, 3, 1, 6),
(698, 'EM22-32', 3, 3, 2, 6),
(699, 'EM22-32', 3, 3, 4, 11),
(700, 'EM22-32', 3, 3, 8, 4),
(701, 'EM22-32', 3, 3, 5, 2),
(702, 'EM22-32', 3, 3, 6, 4),
(703, 'EM22-32', 2, 1, 1, 5),
(704, 'EM22-32', 2, 1, 3, 1),
(705, 'EM22-32', 2, 1, 4, 3),
(706, 'EM22-32', 2, 1, 6, 1),
(707, 'EM22-32', 2, 2, 6, 2),
(708, 'EM22-32', 2, 2, 9, 1),
(709, 'EM22-32', 2, 3, 1, 3),
(710, 'EM22-32', 2, 3, 3, 2),
(711, 'EM22-32', 2, 3, 10, 2),
(712, 'EM22-32', 2, 3, 8, 1),
(713, 'EM22-32', 2, 3, 6, 4),
(714, 'EM22-32', 2, 5, 4, 1),
(715, 'EM22-32', 1, 1, 1, 9),
(716, 'EM22-32', 1, 1, 2, 6),
(717, 'EM22-32', 1, 1, 10, 3),
(718, 'EM22-32', 1, 1, 4, 24),
(719, 'EM22-32', 1, 1, 8, 2),
(720, 'EM22-32', 1, 1, 5, 3),
(721, 'EM22-32', 1, 1, 6, 8),
(722, 'EM22-32', 1, 2, 5, 2),
(723, 'EM22-32', 1, 2, 6, 1),
(724, 'EM22-32', 1, 3, 1, 1),
(725, 'EM22-32', 1, 3, 8, 2),
(726, 'EM22-32', 1, 3, 6, 3),
(727, 'EM22-33', 3, 1, 6, 1),
(728, 'EM22-33', 3, 2, 6, 1),
(729, 'EM22-33', 3, 3, 2, 1),
(730, 'EM22-33', 2, 1, 10, 1),
(731, 'EM22-33', 2, 1, 4, 2),
(732, 'EM22-34', 3, 1, 4, 1),
(733, 'EM22-34', 3, 3, 4, 1),
(734, 'EM22-34', 3, 3, 6, 2),
(735, 'EM22-34', 2, 1, 5, 1),
(736, 'EM22-34', 2, 1, 6, 2),
(737, 'EM22-34', 2, 2, 6, 1),
(738, 'EM22-34', 1, 1, 2, 1),
(739, 'EM22-34', 1, 1, 6, 1),
(740, 'EM22-34', 1, 3, 3, 1),
(741, 'EM22-35', 3, 1, 10, 1),
(742, 'EM22-35', 3, 2, 3, 1),
(743, 'EM22-35', 3, 3, 3, 1),
(744, 'EM22-35', 2, 1, 1, 1),
(745, 'EM22-35', 2, 1, 4, 3),
(746, 'EM22-35', 2, 1, 6, 3),
(747, 'EM22-35', 2, 1, 9, 1),
(748, 'EM22-35', 2, 2, 6, 4),
(749, 'EM22-35', 2, 3, 4, 1),
(750, 'EM22-35', 1, 1, 1, 10),
(751, 'EM22-35', 1, 1, 2, 1),
(752, 'EM22-35', 1, 1, 3, 2),
(753, 'EM22-35', 1, 1, 4, 12),
(754, 'EM22-35', 1, 1, 5, 2),
(755, 'EM22-35', 1, 1, 6, 20),
(756, 'EM22-35', 1, 1, 9, 1),
(757, 'EM22-35', 1, 2, 3, 1),
(758, 'EM22-35', 1, 3, 4, 2),
(759, 'EM22-35', 1, 3, 8, 1),
(760, 'EM22-36', 3, 3, 3, 1),
(761, 'EM22-36', 3, 3, 6, 2),
(762, 'EM22-36', 2, 1, 6, 1),
(763, 'EM22-36', 2, 3, 3, 1),
(764, 'EM22-36', 2, 5, 4, 2),
(765, 'EM22-36', 1, 1, 1, 1),
(766, 'EM22-36', 1, 1, 4, 3),
(767, 'EM22-36', 1, 1, 5, 3),
(768, 'EM22-36', 1, 1, 6, 6),
(769, 'EM22-36', 1, 2, 6, 1),
(770, 'EM22-36', 1, 3, 3, 2),
(771, 'EM22-36', 1, 3, 6, 2),
(772, 'EM22-36', 1, 5, 4, 4),
(773, 'EM22-37', 3, 2, 6, 4),
(774, 'EM22-37', 3, 3, 1, 2),
(775, 'EM22-37', 3, NULL, 6, 3),
(776, 'EM22-37', 2, 1, 2, 1),
(777, 'EM22-37', 2, 2, 2, 1),
(778, 'EM22-37', 2, 2, 4, 1),
(779, 'EM22-37', 2, 2, 6, 5),
(780, 'EM22-37', 2, 3, 2, 1),
(781, 'EM22-37', 1, 1, 4, 6),
(782, 'EM22-37', 1, 1, 6, 16),
(783, 'EM22-37', 1, 1, 9, 1),
(784, 'EM22-37', 1, 2, 4, 1),
(785, 'EM22-37', 1, 2, 6, 4),
(786, 'EM22-37', 1, 3, 4, 1),
(787, 'EM22-37', 1, 5, 4, 3),
(788, 'EM22-39', 3, 1, 2, 1),
(789, 'EM22-39', 3, 1, 4, 1),
(790, 'EM22-39', 3, 1, 6, 1),
(791, 'EM22-39', 3, 2, 1, 2),
(792, 'EM22-39', 3, 2, 4, 1),
(793, 'EM22-39', 3, 2, 6, 3),
(794, 'EM22-39', 3, 3, 1, 1),
(795, 'EM22-39', 3, 3, 2, 1),
(796, 'EM22-39', 3, 3, 5, 2),
(797, 'EM22-39', 3, 3, 6, 3),
(798, 'EM22-39', 2, 1, 1, 4),
(799, 'EM22-39', 2, 1, 4, 6),
(800, 'EM22-39', 2, 1, 6, 7),
(801, 'EM22-39', 2, 2, 1, 2),
(802, 'EM22-39', 2, 2, 2, 1),
(803, 'EM22-39', 2, 2, 4, 2),
(804, 'EM22-39', 2, 2, 6, 15),
(805, 'EM22-39', 2, 3, 2, 2),
(806, 'EM22-39', 2, 3, 6, 5),
(807, 'EM22-39', 1, 1, 1, 21),
(808, 'EM22-39', 1, 1, 2, 9),
(809, 'EM22-39', 1, 1, 3, 3),
(810, 'EM22-39', 1, 1, 4, 52),
(811, 'EM22-39', 1, 1, 8, 3),
(812, 'EM22-39', 1, 1, 5, 1),
(813, 'EM22-39', 1, 1, 6, 74),
(814, 'EM22-39', 1, 2, 4, 7),
(815, 'EM22-39', 1, 2, 6, 10),
(816, 'EM22-39', 1, 3, 1, 1),
(817, 'EM22-39', 1, 3, 3, 1),
(818, 'EM22-39', 1, 3, 10, 1),
(819, 'EM22-39', 1, 3, 5, 2),
(820, 'EM22-39', 1, 3, 6, 3),
(821, 'EM22-39', 1, 5, 4, 1),
(822, 'EM22-40', 3, 1, 1, 1),
(823, 'EM22-40', 3, 1, 4, 3),
(824, 'EM22-40', 3, 1, 6, 2),
(825, 'EM22-40', 3, 2, 1, 1),
(826, 'EM22-40', 3, 2, 4, 3),
(827, 'EM22-40', 3, 2, 6, 8),
(828, 'EM22-40', 3, 3, 1, 1),
(829, 'EM22-40', 3, 3, 2, 1),
(830, 'EM22-40', 3, 3, 4, 1),
(831, 'EM22-40', 3, 3, 6, 1),
(832, 'EM22-40', 3, 5, 4, 1),
(833, 'EM22-40', 2, 1, 1, 5),
(834, 'EM22-40', 2, 1, 4, 7),
(835, 'EM22-40', 2, 1, 6, 11),
(836, 'EM22-40', 2, 2, 1, 2),
(837, 'EM22-40', 2, 2, 4, 1),
(838, 'EM22-40', 2, 2, 6, 10),
(839, 'EM22-40', 2, 3, 1, 1),
(840, 'EM22-40', 2, 3, 2, 2),
(841, 'EM22-40', 2, 3, 4, 2),
(842, 'EM22-40', 2, 4, 4, 1),
(843, 'EM22-40', 1, 1, 1, 17),
(844, 'EM22-40', 1, 1, 2, 8),
(845, 'EM22-40', 1, 1, 3, 1),
(846, 'EM22-40', 1, 1, 10, 2),
(847, 'EM22-40', 1, 1, 4, 50),
(848, 'EM22-40', 1, 1, 8, 1),
(849, 'EM22-40', 1, 1, 5, 3),
(850, 'EM22-40', 1, 1, 6, 93),
(851, 'EM22-40', 1, 2, 1, 1),
(852, 'EM22-40', 1, 2, 2, 2),
(853, 'EM22-40', 1, 2, 4, 2),
(854, 'EM22-40', 1, 2, 5, 1),
(855, 'EM22-40', 1, 2, 6, 23),
(856, 'EM22-40', 1, 3, 2, 2),
(857, 'EM22-40', 1, 3, 3, 2),
(858, 'EM22-40', 1, 3, 4, 4),
(859, 'EM22-40', 1, 3, 6, 2),
(860, 'EM22-40', 1, 5, 4, 1),
(861, 'EM22-42', 3, 1, 1, 1),
(862, 'EM22-42', 3, 1, 4, 1),
(863, 'EM22-42', 3, 1, 6, 1),
(864, 'EM22-42', 2, 1, 1, 1),
(865, 'EM22-42', 2, 1, 4, 1),
(866, 'EM22-42', 2, 1, 6, 2),
(867, 'EM22-42', 2, 3, 2, 1),
(868, 'EM22-42', 1, 1, 1, 4),
(869, 'EM22-42', 1, 1, 2, 1),
(870, 'EM22-42', 1, 1, 4, 5),
(871, 'EM22-42', 1, 1, 6, 7),
(872, 'EM22-43', 3, 1, 4, 4),
(873, 'EM22-43', 3, 1, 6, 2),
(874, 'EM22-43', 3, 2, 1, 2),
(875, 'EM22-43', 3, 2, 3, 1),
(876, 'EM22-43', 3, 2, 6, 2),
(877, 'EM22-43', 3, 3, 2, 1),
(878, 'EM22-43', 3, 3, 6, 1),
(879, 'EM22-43', 2, 1, 1, 4),
(880, 'EM22-43', 2, 1, 4, 2),
(881, 'EM22-43', 2, 1, 6, 6),
(882, 'EM22-43', 2, 2, 4, 1),
(883, 'EM22-43', 2, 2, 6, 3),
(884, 'EM22-43', 2, 3, 4, 1),
(885, 'EM22-43', 1, 1, 1, 6),
(886, 'EM22-43', 1, 1, 2, 2),
(887, 'EM22-43', 1, 1, 3, 2),
(888, 'EM22-43', 1, 1, 10, 1),
(889, 'EM22-43', 1, 1, 4, 15),
(890, 'EM22-43', 1, 1, 5, 2),
(891, 'EM22-43', 1, 1, 6, 17),
(892, 'EM22-43', 1, 1, 9, 2),
(893, 'EM22-43', 1, 2, 4, 1),
(894, 'EM22-43', 1, 2, 6, 3),
(895, 'EM22-43', 1, 3, 6, 2),
(896, 'EM22-45', 3, 1, 1, 1),
(897, 'EM22-45', 3, 1, 4, 3),
(898, 'EM22-45', 3, 1, 6, 1),
(899, 'EM22-45', 3, 2, 1, 1),
(900, 'EM22-45', 3, 2, 2, 1),
(901, 'EM22-45', 3, 2, 4, 1),
(902, 'EM22-45', 3, 2, 6, 7),
(903, 'EM22-45', 3, 3, 6, 2),
(904, 'EM22-45', 2, 1, 1, 7),
(905, 'EM22-45', 2, 1, 2, 1),
(906, 'EM22-45', 2, 1, 4, 17),
(907, 'EM22-45', 2, 1, 6, 28),
(908, 'EM22-45', 2, 1, 9, 1),
(909, 'EM22-45', 2, 2, 3, 1),
(910, 'EM22-45', 2, 2, 4, 1),
(911, 'EM22-45', 2, 2, 6, 10),
(912, 'EM22-45', 2, 3, 6, 1),
(913, 'EM22-45', 2, 5, 4, 1),
(914, 'EM22-45', 2, 4, 4, 1),
(915, 'EM22-45', 1, 1, 1, 25),
(916, 'EM22-45', 1, 1, 2, 5),
(917, 'EM22-45', 1, 1, 3, 5),
(918, 'EM22-45', 1, 1, 4, 80),
(919, 'EM22-45', 1, 1, 8, 2),
(920, 'EM22-45', 1, 1, 5, 6),
(921, 'EM22-45', 1, 1, 6, 64),
(922, 'EM22-45', 1, 1, 9, 4),
(923, 'EM22-45', 1, 2, 1, 1),
(924, 'EM22-45', 1, 2, 3, 1),
(925, 'EM22-45', 1, 2, 4, 1),
(926, 'EM22-45', 1, 2, 6, 9),
(927, 'EM22-45', 1, 3, 6, 1),
(928, 'EM22-45', 1, 5, 4, 3),
(929, 'EM22-45', 1, 4, 8, 1),
(930, 'EM22-46', 3, 1, 2, 1),
(931, 'EM22-46', 3, 1, 4, 1),
(932, 'EM22-46', 3, 1, 8, 1),
(933, 'EM22-46', 3, 1, 6, 4),
(934, 'EM22-46', 3, 2, 4, 1),
(935, 'EM22-46', 3, 2, 6, 8),
(936, 'EM22-46', 3, 3, 3, 1),
(937, 'EM22-46', 3, 3, 6, 1),
(938, 'EM22-46', 2, 1, 1, 5),
(939, 'EM22-46', 2, 1, 4, 4),
(940, 'EM22-46', 2, 1, 8, 1),
(941, 'EM22-46', 2, 1, 6, 28),
(942, 'EM22-46', 2, 2, 4, 1),
(943, 'EM22-46', 2, 2, 6, 7),
(944, 'EM22-46', 2, 3, 1, 2),
(945, 'EM22-46', 2, 3, 8, 1),
(946, 'EM22-46', 2, 3, 6, 5),
(947, 'EM22-46', 2, 5, 4, 1),
(948, 'EM22-46', 1, 1, 1, 30),
(949, 'EM22-46', 1, 1, 2, 15),
(950, 'EM22-46', 1, 1, 3, 12),
(951, 'EM22-46', 1, 1, 10, 1),
(952, 'EM22-46', 1, 1, 4, 73),
(953, 'EM22-46', 1, 1, 8, 2),
(954, 'EM22-46', 1, 1, 5, 2),
(955, 'EM22-46', 1, 1, 6, 169),
(956, 'EM22-46', 1, 2, 1, 2),
(957, 'EM22-46', 1, 2, 6, 13),
(958, 'EM22-46', 1, 3, 1, 2),
(959, 'EM22-46', 1, 3, 2, 1),
(960, 'EM22-46', 1, 3, 4, 5),
(961, 'EM22-46', 1, 3, 5, 3),
(962, 'EM22-46', 1, 3, 6, 1),
(963, 'EM22-46', 1, 5, 4, 1),
(964, 'EM22-47', 3, 1, 1, 15),
(965, 'EM22-47', 3, 1, 2, 6),
(966, 'EM22-47', 3, 1, 3, 4),
(967, 'EM22-47', 3, 1, 4, 34),
(968, 'EM22-47', 3, 1, 8, 1),
(969, 'EM22-47', 3, 1, 5, 1),
(970, 'EM22-47', 3, 1, 6, 63),
(971, 'EM22-47', 3, 2, 1, 1),
(972, 'EM22-47', 3, 2, 2, 3),
(973, 'EM22-47', 3, 2, 3, 1),
(974, 'EM22-47', 3, 2, 4, 12),
(975, 'EM22-47', 3, 2, 8, 1),
(976, 'EM22-47', 3, 2, 6, 57),
(977, 'EM22-47', 3, 2, 9, 2),
(978, 'EM22-47', 3, 3, 1, 5),
(979, 'EM22-47', 3, 3, 2, 12),
(980, 'EM22-47', 3, 3, 3, 9),
(981, 'EM22-47', 3, 3, 4, 5),
(982, 'EM22-47', 3, 3, 8, 1),
(983, 'EM22-47', 3, 3, 5, 12),
(984, 'EM22-47', 3, 3, 6, 23),
(985, 'EM22-47', 2, 1, 1, 29),
(986, 'EM22-47', 2, 1, 2, 9),
(987, 'EM22-47', 2, 1, 3, 5),
(988, 'EM22-47', 2, 1, 4, 58),
(989, 'EM22-47', 2, 1, 8, 2),
(990, 'EM22-47', 2, 1, 5, 4),
(991, 'EM22-47', 2, 1, 6, 85),
(992, 'EM22-47', 2, 1, 9, 1),
(993, 'EM22-47', 2, 2, 1, 1),
(994, 'EM22-47', 2, 2, 2, 4),
(995, 'EM22-47', 2, 2, 4, 15),
(996, 'EM22-47', 2, 2, 6, 70),
(997, 'EM22-47', 2, 3, 1, 1),
(998, 'EM22-47', 2, 3, 2, 4),
(999, 'EM22-47', 2, 3, 3, 2),
(1000, 'EM22-47', 2, 3, 4, 6),
(1001, 'EM22-47', 2, 3, 5, 2),
(1002, 'EM22-47', 2, 3, 6, 14),
(1003, 'EM22-47', 2, 6, 4, 1),
(1004, 'EM22-47', 2, 4, 6, 1),
(1005, 'EM22-47', 1, 1, 1, 107),
(1006, 'EM22-47', 1, 1, 2, 39),
(1007, 'EM22-47', 1, 1, 3, 14),
(1008, 'EM22-47', 1, 1, 10, 2),
(1009, 'EM22-47', 1, 1, 4, 295),
(1010, 'EM22-47', 1, 1, 8, 10),
(1011, 'EM22-47', 1, 1, 5, 9),
(1012, 'EM22-47', 1, 1, 6, 704),
(1013, 'EM22-47', 1, 1, 9, 5),
(1014, 'EM22-47', 1, 2, 1, 1),
(1015, 'EM22-47', 1, 2, 2, 2),
(1016, 'EM22-47', 1, 2, 4, 4),
(1017, 'EM22-47', 1, 2, 6, 39),
(1018, 'EM22-47', 1, 3, 2, 1),
(1019, 'EM22-47', 1, 3, 3, 3),
(1020, 'EM22-47', 1, 3, 4, 7),
(1021, 'EM22-47', 1, 3, 6, 10),
(1022, 'EM22-47', 1, 5, 4, 1),
(1023, 'EM22-48', 3, 1, 1, 2),
(1024, 'EM22-48', 3, 1, 2, 1),
(1025, 'EM22-48', 3, 1, 4, 19),
(1026, 'EM22-48', 3, 1, 8, 1),
(1027, 'EM22-48', 3, 1, 6, 4),
(1028, 'EM22-48', 3, 2, 1, 1),
(1029, 'EM22-48', 3, 2, 4, 3),
(1030, 'EM22-48', 3, 2, 6, 27),
(1031, 'EM22-48', 3, 3, 3, 1),
(1032, 'EM22-48', 3, 3, 4, 1),
(1033, 'EM22-48', 3, 3, 6, 1),
(1034, 'EM22-48', 3, 3, 9, 1),
(1035, 'EM22-48', 3, 4, 4, 1),
(1036, 'EM22-48', 2, 1, 1, 7),
(1037, 'EM22-48', 2, 1, 4, 3),
(1038, 'EM22-48', 2, 1, 8, 1),
(1039, 'EM22-48', 2, 1, 6, 10),
(1040, 'EM22-48', 2, 2, 6, 24),
(1041, 'EM22-48', 2, 3, 3, 1),
(1042, 'EM22-48', 2, 3, 6, 1),
(1043, 'EM22-48', 1, 1, 1, 14),
(1044, 'EM22-48', 1, 1, 2, 7),
(1045, 'EM22-48', 1, 1, 3, 2),
(1046, 'EM22-48', 1, 1, 4, 18),
(1047, 'EM22-48', 1, 1, 8, 1),
(1048, 'EM22-48', 1, 1, 5, 2),
(1049, 'EM22-48', 1, 1, 6, 64),
(1050, 'EM22-48', 1, 2, 6, 13),
(1051, 'EM22-48', 1, 3, 3, 2),
(1052, 'EM22-48', 1, 5, 4, 1),
(1053, 'EM22-49', 3, 1, 1, 1),
(1054, 'EM22-49', 3, 1, 6, 4),
(1055, 'EM22-49', 3, 2, 4, 1),
(1056, 'EM22-49', 3, 2, 6, 10),
(1057, 'EM22-49', 3, 3, 1, 1),
(1058, 'EM22-49', 3, 3, 2, 1),
(1059, 'EM22-49', 3, 3, 4, 1),
(1060, 'EM22-49', 3, 3, 5, 1),
(1061, 'EM22-49', 3, 3, 6, 1),
(1062, 'EM22-49', 2, 1, 2, 1),
(1063, 'EM22-49', 2, 1, 4, 3),
(1064, 'EM22-49', 2, 1, 6, 8),
(1065, 'EM22-49', 2, 2, 1, 2),
(1066, 'EM22-49', 2, 2, 6, 5),
(1067, 'EM22-49', 2, 3, 2, 2),
(1068, 'EM22-49', 2, 3, 3, 1),
(1069, 'EM22-49', 2, 5, 4, 2),
(1070, 'EM22-49', 1, 1, 1, 10),
(1071, 'EM22-49', 1, 1, 2, 6),
(1072, 'EM22-49', 1, 1, 3, 2),
(1073, 'EM22-49', 1, 1, 4, 37),
(1074, 'EM22-49', 1, 1, 8, 7),
(1075, 'EM22-49', 1, 1, 5, 1),
(1076, 'EM22-49', 1, 1, 6, 40),
(1077, 'EM22-49', 1, 1, 9, 1),
(1078, 'EM22-49', 1, 2, 4, 3),
(1079, 'EM22-49', 1, 2, 6, 10),
(1080, 'EM22-49', 1, 3, 2, 3),
(1081, 'EM22-49', 1, 3, 3, 1),
(1082, 'EM22-49', 1, 5, 4, 14),
(1083, 'EM22-50', 3, 1, 2, 1),
(1084, 'EM22-50', 3, 1, 4, 6),
(1085, 'EM22-50', 3, 1, 5, 1),
(1086, 'EM22-50', 3, 1, 6, 7),
(1087, 'EM22-50', 3, 1, 9, 1),
(1088, 'EM22-50', 3, 2, 2, 1),
(1089, 'EM22-50', 3, 2, 4, 4),
(1090, 'EM22-50', 3, 2, 6, 9),
(1091, 'EM22-50', 3, 3, 1, 2),
(1092, 'EM22-50', 3, 3, 2, 1),
(1093, 'EM22-50', 3, 3, 3, 2),
(1094, 'EM22-50', 3, 3, 4, 1),
(1095, 'EM22-50', 3, 3, 6, 3),
(1096, 'EM22-50', 2, 1, 1, 6),
(1097, 'EM22-50', 2, 1, 2, 1),
(1098, 'EM22-50', 2, 1, 3, 2),
(1099, 'EM22-50', 2, 1, 4, 21),
(1100, 'EM22-50', 2, 1, 8, 1),
(1101, 'EM22-50', 2, 1, 6, 17),
(1102, 'EM22-50', 2, 1, 9, 1),
(1103, 'EM22-50', 2, 2, 1, 4),
(1104, 'EM22-50', 2, 2, 2, 1),
(1105, 'EM22-50', 2, 2, 4, 7),
(1106, 'EM22-50', 2, 2, 8, 1),
(1107, 'EM22-50', 2, 2, 6, 19),
(1108, 'EM22-50', 2, 3, 4, 2),
(1109, 'EM22-50', 2, 3, 5, 2),
(1110, 'EM22-50', 2, 3, 6, 7),
(1111, 'EM22-50', 2, 5, 4, 3),
(1112, 'EM22-50', 1, 1, 1, 25),
(1113, 'EM22-50', 1, 1, 2, 17),
(1114, 'EM22-50', 1, 1, 3, 5),
(1115, 'EM22-50', 1, 1, 10, 2),
(1116, 'EM22-50', 1, 1, 4, 79),
(1117, 'EM22-50', 1, 1, 8, 6),
(1118, 'EM22-50', 1, 1, 5, 4),
(1119, 'EM22-50', 1, 1, 6, 160),
(1120, 'EM22-50', 1, 1, 9, 6),
(1121, 'EM22-50', 1, 2, 1, 2),
(1122, 'EM22-50', 1, 2, 2, 3),
(1123, 'EM22-50', 1, 2, 3, 1),
(1124, 'EM22-50', 1, 2, 4, 5),
(1125, 'EM22-50', 1, 2, 6, 30),
(1126, 'EM22-50', 1, 3, 1, 1),
(1127, 'EM22-50', 1, 3, 2, 2),
(1128, 'EM22-50', 1, 3, 3, 7),
(1129, 'EM22-50', 1, 3, 10, 1),
(1130, 'EM22-50', 1, 3, 4, 3),
(1131, 'EM22-50', 1, 3, 5, 1),
(1132, 'EM22-50', 1, 3, 6, 7),
(1133, 'EM22-50', 1, 3, 9, 1),
(1134, 'EM22-50', 1, 5, 4, 4),
(1135, 'EM22-50', 1, 5, 8, 1),
(1136, 'EM22-51', 3, 1, 1, 4),
(1137, 'EM22-51', 3, 2, 6, 4),
(1138, 'EM22-51', 3, 3, 4, 1),
(1139, 'EM22-51', 3, 3, 6, 2),
(1140, 'EM22-51', 2, 1, 1, 2),
(1141, 'EM22-51', 2, 1, 4, 1),
(1142, 'EM22-51', 2, 1, 9, 1),
(1143, 'EM22-51', 2, 2, 6, 3),
(1144, 'EM22-51', 2, 3, 6, 3),
(1145, 'EM22-51', 1, 1, 1, 4),
(1146, 'EM22-51', 1, 1, 2, 2),
(1147, 'EM22-51', 1, 1, 3, 1),
(1148, 'EM22-51', 1, 1, 4, 21),
(1149, 'EM22-51', 1, 1, 5, 2),
(1150, 'EM22-51', 1, 1, 6, 10),
(1151, 'EM22-51', 1, 1, 9, 2),
(1152, 'EM22-51', 1, 2, 1, 1),
(1153, 'EM22-51', 1, 2, 6, 1),
(1154, 'EM22-51', 1, 3, 4, 2),
(1155, 'EM22-51', 1, 5, 4, 2),
(1156, 'EM22-53', 3, 1, 4, 1),
(1157, 'EM22-53', 3, NULL, 6, 1),
(1158, 'EM22-53', 3, 2, 6, 1),
(1159, 'EM22-53', 3, 3, 3, 1),
(1160, 'EM22-53', 3, 5, 4, 1),
(1161, 'EM22-53', 2, 1, 1, 1),
(1162, 'EM22-53', 2, 1, 2, 1),
(1163, 'EM22-53', 2, 1, 4, 1),
(1164, 'EM22-53', 2, 1, 6, 1),
(1165, 'EM22-53', 2, 2, 6, 2),
(1166, 'EM22-53', 2, 5, 4, 2),
(1167, 'EM22-53', 1, 1, 3, 2),
(1168, 'EM22-53', 1, 1, 4, 5),
(1169, 'EM22-53', 1, 1, 6, 7),
(1170, 'EM22-53', 1, 2, 4, 1),
(1171, 'EM22-53', 1, 3, 1, 1),
(1172, 'EM22-53', 1, 5, 4, 3),
(1173, 'EM22-55', 3, 1, 4, 2),
(1174, 'EM22-55', 3, 1, 6, 1),
(1175, 'EM22-55', 3, 2, 6, 1),
(1176, 'EM22-55', 2, 1, 4, 1),
(1177, 'EM22-55', 1, 1, 2, 2),
(1178, 'EM22-55', 1, 1, 4, 7),
(1179, 'EM22-55', 1, 1, 6, 1),
(1180, 'EM22-55', 1, 2, 1, 1),
(1181, 'EM22-55', 1, 2, 6, 1),
(1182, 'EM22-55', 1, 5, 4, 2),
(1183, 'EM22-56', 3, 1, 1, 1),
(1184, 'EM22-56', 3, 2, 6, 1),
(1185, 'EM22-56', 3, 3, 3, 1),
(1186, 'EM22-56', 3, 3, 5, 1),
(1187, 'EM22-56', 2, 1, 1, 1),
(1188, 'EM22-56', 2, 2, 6, 1),
(1189, 'EM22-56', 1, 1, 1, 1),
(1190, 'EM22-56', 1, 1, 4, 1),
(1191, 'EM22-56', 1, 1, 6, 3),
(1192, 'EM22-56', 1, 2, 6, 1),
(1193, 'EM22-56', 1, 3, 6, 1),
(1194, 'EM22-56', 1, 5, 4, 3),
(1195, 'EM22-56', 1, 5, 5, 1),
(1196, 'EM22-57', 13, 1, 1, 1),
(1197, 'EM22-57', 13, 1, 2, 1),
(1198, 'EM22-57', 13, 1, 3, 1),
(1199, 'EM22-57', 13, 1, 4, 3),
(1200, 'EM22-57', 13, 1, 5, 1),
(1201, 'EM22-57', 13, 1, 6, 2),
(1202, 'EM22-57', 13, 2, 3, 1),
(1203, 'EM22-57', 13, 2, 10, 1),
(1204, 'EM22-57', 13, 2, 4, 1),
(1205, 'EM22-57', 13, 2, 5, 1),
(1206, 'EM22-57', 13, 2, 6, 6),
(1207, 'EM22-57', 13, 3, 3, 1),
(1208, 'EM22-57', 13, 3, 4, 6),
(1209, 'EM22-57', 13, 3, 6, 5),
(1210, 'EM22-57', 13, 5, 4, 5),
(1211, 'EM22-57', 13, 5, 8, 1),
(1212, 'EM22-57', 13, 5, 9, 1),
(1213, 'EM22-57', 2, 1, 3, 1),
(1214, 'EM22-57', 2, 1, 4, 5),
(1215, 'EM22-57', 2, 1, 6, 5),
(1216, 'EM22-57', 2, 2, 4, 3),
(1217, 'EM22-57', 2, 2, 5, 2),
(1218, 'EM22-57', 2, 2, 6, 7),
(1219, 'EM22-57', 2, 3, 4, 1),
(1220, 'EM22-57', 2, 5, 1, 1),
(1221, 'EM22-57', 2, 5, 10, 1),
(1222, 'EM22-57', 2, 5, 4, 6),
(1223, 'EM22-57', 2, 5, 8, 2),
(1224, 'EM22-57', 2, 4, 4, 1),
(1225, 'EM22-57', 2, 4, 6, 4),
(1226, 'EM22-57', 1, 1, 1, 4),
(1227, 'EM22-57', 1, 1, 2, 2),
(1228, 'EM22-57', 1, 1, 3, 3),
(1229, 'EM22-57', 1, 1, 10, 2),
(1230, 'EM22-57', 1, 1, 4, 20),
(1231, 'EM22-57', 1, 1, 8, 1),
(1232, 'EM22-57', 1, 1, 5, 4),
(1233, 'EM22-57', 1, 1, 6, 37),
(1234, 'EM22-57', 1, 2, 1, 1),
(1235, 'EM22-57', 1, 2, 4, 1),
(1236, 'EM22-57', 1, 2, 5, 1),
(1237, 'EM22-57', 1, 2, 6, 12),
(1238, 'EM22-57', 1, 3, 4, 3),
(1239, 'EM22-57', 1, 3, 5, 1),
(1240, 'EM22-57', 1, 3, 6, 1),
(1241, 'EM22-57', 1, 5, 1, 1),
(1242, 'EM22-57', 1, 5, 4, 16),
(1243, 'EM22-57', 1, 5, 8, 3),
(1244, 'EM23-02', 1, 1, 1, 1),
(1245, 'EM23-02', 1, 1, 2, 5),
(1246, 'EM23-02', 1, 1, 3, 4),
(1247, 'EM23-02', 1, 1, 4, 35),
(1248, 'EM23-02', 1, 1, 5, 2),
(1249, 'EM23-02', 1, 1, 6, 30),
(1250, 'EM23-02', 1, 2, 2, 1),
(1251, 'EM23-02', 1, 2, 4, 4),
(1252, 'EM23-02', 1, 2, 6, 11),
(1253, 'EM23-02', 1, 3, 2, 1),
(1254, 'EM23-02', 1, 3, 4, 1),
(1255, 'EM23-02', 1, 3, 6, 1),
(1256, 'EM23-02', 1, 5, 4, 5),
(1257, 'EM23-02', 1, 4, 4, 2),
(1258, 'EM23-02', 2, 1, 1, 2),
(1259, 'EM23-02', 2, 1, 4, 2),
(1260, 'EM23-02', 2, 1, 6, 3),
(1261, 'EM23-02', 2, 2, 4, 3),
(1262, 'EM23-02', 2, 2, 6, 5),
(1263, 'EM23-02', 2, 3, 2, 4),
(1264, 'EM23-02', 2, 3, 3, 2),
(1265, 'EM23-02', 2, 5, 4, 1),
(1266, 'EM23-02', 2, 4, 8, 1),
(1267, 'EM23-02', 2, 4, 6, 1),
(1268, 'EM23-02', 3, 1, 1, 4),
(1269, 'EM23-02', 3, 1, 4, 2),
(1270, 'EM23-02', 3, 1, 6, 2),
(1271, 'EM23-02', 3, 2, 4, 8),
(1272, 'EM23-02', 3, 2, 6, 1),
(1273, 'EM23-02', 3, 3, 1, 4),
(1274, 'EM23-02', 3, 3, 3, 2),
(1275, 'EM23-02', 3, 3, 4, 1),
(1276, 'EM23-02', 3, 3, 5, 2),
(1277, 'EM23-02', 3, 4, 4, 1),
(1278, 'EM23-01', NULL, 1, 1, 6),
(1279, 'EM23-01', NULL, 1, 2, 3),
(1280, 'EM23-01', NULL, 1, 3, 2),
(1281, 'EM23-01', NULL, 1, 10, 2),
(1282, 'EM23-01', NULL, 1, 4, 29),
(1283, 'EM23-01', NULL, 1, 8, 1),
(1284, 'EM23-01', NULL, 1, 5, 2),
(1285, 'EM23-01', NULL, 1, 6, 22),
(1286, 'EM23-01', NULL, 2, 1, 1),
(1287, 'EM23-01', NULL, 2, 6, 13),
(1288, 'EM23-01', NULL, 3, 2, 2),
(1289, 'EM23-01', NULL, 3, 3, 7),
(1290, 'EM23-01', NULL, 3, 5, 1),
(1291, 'EM23-01', NULL, 3, 6, 1),
(1292, 'EM23-01', NULL, 5, 4, 1),
(1293, 'EM23-01', 2, 1, 2, 1),
(1294, 'EM23-01', 2, 1, 4, 8),
(1295, 'EM23-01', 2, 1, 6, 7),
(1296, 'EM23-01', 2, 2, 4, 3),
(1297, 'EM23-01', 2, 2, 6, 10),
(1298, 'EM23-01', 2, 3, 2, 1),
(1299, 'EM23-01', 2, 3, 3, 1),
(1300, 'EM23-01', 3, 1, 4, 1),
(1301, 'EM23-01', 3, 1, 5, 1),
(1302, 'EM23-01', 3, 2, 3, 2),
(1303, 'EM23-01', 3, 2, 6, 5),
(1304, 'EM23-03', 3, 1, 4, 8),
(1305, 'EM23-03', 3, 1, 8, 2),
(1306, 'EM23-03', 3, 1, 6, 3),
(1307, 'EM23-03', 3, 2, 6, 6),
(1308, 'EM23-03', 3, 3, 2, 1),
(1309, 'EM23-03', 3, 3, 4, 2),
(1310, 'EM23-03', 3, 3, 5, 1),
(1311, 'EM23-03', 3, 5, 4, 1),
(1312, 'EM23-03', 2, 1, 2, 2),
(1313, 'EM23-03', 2, 1, 3, 1),
(1314, 'EM23-03', 2, 1, 4, 9),
(1315, 'EM23-03', 2, 1, 6, 11),
(1316, 'EM23-03', 2, 2, 4, 1),
(1317, 'EM23-03', 2, 2, 6, 9),
(1318, 'EM23-03', 2, 3, 3, 1),
(1319, 'EM23-03', 2, 5, 4, 2),
(1320, 'EM23-03', 1, 1, 1, 5),
(1321, 'EM23-03', 1, 1, 2, 7),
(1322, 'EM23-03', 1, 1, 3, 3),
(1323, 'EM23-03', 1, 1, 4, 19),
(1324, 'EM23-03', 1, 1, 8, 2),
(1325, 'EM23-03', 1, 1, 6, 35),
(1326, 'EM23-03', 1, 2, 4, 3),
(1327, 'EM23-03', 1, 2, 6, 1),
(1328, 'EM23-03', 1, 3, 1, 1),
(1329, 'EM23-03', 1, 3, 3, 1),
(1330, 'EM23-03', 1, 3, 4, 1),
(1331, 'EM23-03', 1, 3, 6, 1),
(1332, 'EM23-03', 1, 5, 4, 6),
(1364, 'EM23-04', 1, 1, 2, 1),
(1365, 'EM23-04', 1, 1, 3, 1),
(1366, 'EM23-04', 1, 1, 4, 17),
(1367, 'EM23-04', 1, 1, 8, 1),
(1368, 'EM23-04', 1, 1, 6, 12),
(1369, 'EM23-04', 1, 1, 9, 1),
(1370, 'EM23-04', 1, 2, 6, 1),
(1371, 'EM23-04', 1, 3, 4, 1),
(1372, 'EM23-04', 1, 3, 6, 1),
(1373, 'EM23-04', 2, 1, 4, 6),
(1374, 'EM23-04', 2, 1, 6, 2),
(1375, 'EM23-04', 2, 2, 4, 2),
(1376, 'EM23-04', 2, 2, 6, 3),
(1377, 'EM23-04', 2, 3, 1, 1),
(1378, 'EM23-04', 2, 3, 2, 2),
(1379, 'EM23-04', 2, 3, 4, 1),
(1380, 'EM23-04', 2, 5, 4, 1),
(1381, 'EM23-04', 3, 1, 2, 1),
(1382, 'EM23-04', 3, 1, 6, 1),
(1383, 'EM23-04', 3, 2, 4, 1),
(1384, 'EM23-04', 3, 2, 6, 4),
(1385, 'EM23-04', 3, 3, 8, 1),
(1386, 'EM23-05', 3, 2, 4, 1),
(1387, 'EM23-05', 2, 1, 1, 3),
(1388, 'EM23-05', 2, 1, 3, 1),
(1389, 'EM23-05', 2, NULL, 4, 2),
(1390, 'EM23-05', 2, NULL, 6, 1),
(1391, 'EM23-05', 2, 2, 2, 2),
(1392, 'EM23-05', 2, 3, 1, 1),
(1393, 'EM23-05', 2, NULL, 3, 2),
(1394, 'EM23-05', 1, 3, 3, 3),
(1395, 'EM23-06', 3, 3, 6, 1),
(1422, 'EM23-08', 1, 1, 6, 1),
(1423, 'EM23-08', 1, 2, 4, 2),
(1424, 'EM23-07', 1, 1, 2, 2),
(1425, 'EM23-07', 1, 1, 3, 1),
(1426, 'EM23-07', 1, 1, 4, 34),
(1427, 'EM23-07', 1, 1, 5, 2),
(1428, 'EM23-07', 1, 1, 6, 11),
(1429, 'EM23-07', 1, 1, 9, 3),
(1430, 'EM23-07', 1, 2, 4, 1),
(1431, 'EM23-07', 1, 2, 6, 4),
(1432, 'EM23-07', 1, 3, 1, 2),
(1433, 'EM23-07', 1, 3, 2, 1),
(1434, 'EM23-07', 1, 3, 4, 1),
(1435, 'EM23-07', 1, 3, 6, 1),
(1436, 'EM23-07', 2, 1, 1, 2),
(1437, 'EM23-07', 2, 1, 3, 1),
(1438, 'EM23-07', 2, 1, 4, 9),
(1439, 'EM23-07', 2, 1, 6, 2),
(1440, 'EM23-07', 2, 2, 6, 1),
(1441, 'EM23-07', 2, 2, 9, 1),
(1442, 'EM23-07', 2, 3, 2, 1),
(1443, 'EM23-07', 2, 3, 3, 2),
(1444, 'EM23-07', 2, 3, 4, 1),
(1445, 'EM23-07', 3, 1, 1, 2),
(1446, 'EM23-07', 3, 1, 4, 2),
(1447, 'EM23-07', 3, 2, 4, 1),
(1448, 'EM23-07', 3, 2, 6, 1),
(1449, 'EM23-07', 3, 3, 4, 2);

-- --------------------------------------------------------

--
-- Structure de la table `tri_color`
--

CREATE TABLE `tri_color` (
  `id_color` int(11) NOT NULL,
  `name` varchar(60) NOT NULL
) ENGINE=InnoDB DEFAULT CHARSET=utf8mb4 COLLATE=utf8mb4_general_ci;

--
-- Déchargement des données de la table `tri_color`
--

INSERT INTO `tri_color` (`id_color`, `name`) VALUES
(1, 'Black'),
(2, 'Blue'),
(3, 'Green'),
(4, 'White'),
(5, 'Orange'),
(6, 'Transparent'),
(7, 'Grey'),
(8, 'Yellow'),
(9, 'Multicolor'),
(10, 'Brown'),
(11, 'Pink'),
(12, 'Black/Grey'),
(13, 'Red');

-- --------------------------------------------------------

--
-- Structure de la table `tri_size`
--

CREATE TABLE `tri_size` (
  `id_size` int(11) NOT NULL,
  `name` varchar(60) NOT NULL
) ENGINE=InnoDB DEFAULT CHARSET=utf8mb4 COLLATE=utf8mb4_general_ci;

--
-- Déchargement des données de la table `tri_size`
--

INSERT INTO `tri_size` (`id_size`, `name`) VALUES
(1, '1 - 2.5'),
(2, '2.5 - 5'),
(3, '> 5'),
(13, '< 5');

-- --------------------------------------------------------

--
-- Structure de la table `tri_type`
--

CREATE TABLE `tri_type` (
  `id_type` int(11) NOT NULL,
  `name` varchar(60) NOT NULL
) ENGINE=InnoDB DEFAULT CHARSET=utf8mb4 COLLATE=utf8mb4_general_ci;

--
-- Déchargement des données de la table `tri_type`
--

INSERT INTO `tri_type` (`id_type`, `name`) VALUES
(1, 'Fragment'),
(2, 'Film'),
(3, 'Line'),
(4, 'Pellet'),
(5, 'ESP'),
(6, 'PU'),
(7, 'Foam');

-- --------------------------------------------------------

--
-- Structure de la table `user`
--

CREATE TABLE `user` (
  `id` int(11) NOT NULL,
  `email` varchar(255) NOT NULL,
  `password` varchar(255) NOT NULL
) ENGINE=InnoDB DEFAULT CHARSET=utf8mb4 COLLATE=utf8mb4_general_ci;

--
-- Déchargement des données de la table `user`
--

INSERT INTO `user` (`id`, `email`, `password`) VALUES
(2, 'user@user.fr', '$2y$10$.I0fVtvzUd6LpfzzFFBMBO52HmJIbUtBcZPZDcnNzyJM.wn/4dHTq'),
(7, 'admin@admin.fr', '$2y$10$t.X0NTy1yj75yzZFIgF4rOtNRPtBZ55/ETpkLsilJ.G5o1cLw81Ha');

--
-- Index pour les tables déchargées
--

--
-- Index pour la table `prelevements`
--
ALTER TABLE `prelevements`
  ADD PRIMARY KEY (`id`),
  ADD KEY `Sea` (`Sea`);

--
-- Index pour la table `sea`
--
ALTER TABLE `sea`
  ADD PRIMARY KEY (`id_sea`);

--
-- Index pour la table `tri`
--
ALTER TABLE `tri`
  ADD PRIMARY KEY (`id`),
  ADD KEY `fk_tri_prelevement` (`Sample`),
  ADD KEY `Type` (`Type`),
  ADD KEY `Size` (`Size`,`Color`),
  ADD KEY `fk_tri_color` (`Color`);

--
-- Index pour la table `tri_color`
--
ALTER TABLE `tri_color`
  ADD PRIMARY KEY (`id_color`);

--
-- Index pour la table `tri_size`
--
ALTER TABLE `tri_size`
  ADD PRIMARY KEY (`id_size`);

--
-- Index pour la table `tri_type`
--
ALTER TABLE `tri_type`
  ADD PRIMARY KEY (`id_type`);

--
-- Index pour la table `user`
--
ALTER TABLE `user`
  ADD PRIMARY KEY (`id`);

--
-- AUTO_INCREMENT pour les tables déchargées
--

--
-- AUTO_INCREMENT pour la table `prelevements`
--
ALTER TABLE `prelevements`
  MODIFY `id` int(11) NOT NULL AUTO_INCREMENT, AUTO_INCREMENT=60;

--
-- AUTO_INCREMENT pour la table `sea`
--
ALTER TABLE `sea`
  MODIFY `id_sea` int(11) NOT NULL AUTO_INCREMENT, AUTO_INCREMENT=6;

--
-- AUTO_INCREMENT pour la table `tri`
--
ALTER TABLE `tri`
  MODIFY `id` int(11) NOT NULL AUTO_INCREMENT, AUTO_INCREMENT=1450;

--
-- AUTO_INCREMENT pour la table `tri_color`
--
ALTER TABLE `tri_color`
  MODIFY `id_color` int(11) NOT NULL AUTO_INCREMENT, AUTO_INCREMENT=14;

--
-- AUTO_INCREMENT pour la table `tri_size`
--
ALTER TABLE `tri_size`
  MODIFY `id_size` int(11) NOT NULL AUTO_INCREMENT, AUTO_INCREMENT=14;

--
-- AUTO_INCREMENT pour la table `tri_type`
--
ALTER TABLE `tri_type`
  MODIFY `id_type` int(11) NOT NULL AUTO_INCREMENT, AUTO_INCREMENT=8;

--
-- AUTO_INCREMENT pour la table `user`
--
ALTER TABLE `user`
  MODIFY `id` int(11) NOT NULL AUTO_INCREMENT, AUTO_INCREMENT=8;

--
-- Contraintes pour les tables déchargées
--

--
-- Contraintes pour la table `prelevements`
--
ALTER TABLE `prelevements`
  ADD CONSTRAINT `fk_sea` FOREIGN KEY (`Sea`) REFERENCES `sea` (`id_sea`);

--
-- Contraintes pour la table `tri`
--
ALTER TABLE `tri`
  ADD CONSTRAINT `fk_tri_color` FOREIGN KEY (`Color`) REFERENCES `tri_color` (`id_color`),
  ADD CONSTRAINT `fk_tri_size` FOREIGN KEY (`Size`) REFERENCES `tri_size` (`id_size`),
  ADD CONSTRAINT `fk_tri_type` FOREIGN KEY (`Type`) REFERENCES `tri_type` (`id_type`);
COMMIT;

/*!40101 SET CHARACTER_SET_CLIENT=@OLD_CHARACTER_SET_CLIENT */;
/*!40101 SET CHARACTER_SET_RESULTS=@OLD_CHARACTER_SET_RESULTS */;
/*!40101 SET COLLATION_CONNECTION=@OLD_COLLATION_CONNECTION */;
